codigo;descricao;vigencia_inicio;vigencia_fim
1001;NÚMERO DA CARTEIRA INVÁLIDO;2006-11-16;
1002;NÚMERO DO CARTÃO NACIONAL DE SAÚDE INVÁLIDO;2006-11-16;
1003;A ADMISSÃO DO BENEFICIÁRIO NO PRESTADOR OCORREU ANTES DA INCLUSÃO DO BENEFICIÁRIO NA OPERADORA;2006-11-16;2026-06-30
1004;SOLICITAÇÃO ANTERIOR À INCLUSÃO DO BENEFICIÁRIO;2006-11-16;2026-06-30
1005;ATENDIMENTO ANTERIOR À INCLUSÃO DO BENEFICIÁRIO;2006-11-16;2026-06-30
1006;ATENDIMENTO APÓS O DESLIGAMENTO DO BENEFICIÁRIO;2006-11-16;
1007;ATENDIMENTO DENTRO DA CARÊNCIA DO BENEFICIÁRIO;2006-11-16;2026-06-30
1008;ASSINATURA DIVERGENTE;2006-11-16;2026-06-30
1009;BENEFICIÁRIO COM PAGAMENTO EM ABERTO;2006-11-16;
1010;ASSINATURA DO TITULAR / RESPONSÁVEL INEXISTENTE;2006-11-16;2026-06-30
1011;IDENTIFICAÇÃO DO BENEFICIÁRIO NÃO CONSISTENTE;2006-11-16;2026-06-30
1012;SERVIÇO PROFISSIONAL HOSPITALAR NÃO É COBERTO PELO PLANO DO BENEFICIÁRIO;2006-11-16;2026-06-30
1013;CADASTRO DO BENEFICIÁRIO COM PROBLEMAS;2006-11-16;2026-06-30
1014;BENEFICIÁRIO COM DATA DE EXCLUSÃO;2006-11-16;2026-06-30
1015;IDADE DO BENEFICIÁRIO ACIMA IDADE LIMITE;2006-11-16;2026-06-30
1016;BENEFICIÁRIO COM ATENDIMENTO SUSPENSO;2006-11-16;
1018;EMPRESA DO BENEFICIÁRIO SUSPENSA / EXCLUÍDA;2006-11-16;2026-06-30
1019;FAMÍLIA DO BENEFICIÁRIO COM ATENDIMENTO SUSPENSO;2006-11-16;2026-06-30
1020;VIA DE CARTÃO DO BENEFICIÁRIO CANCELADA;2006-11-16;2026-06-30
1021;VIA DE CARTÃO DO BENEFICIÁRIO NÃO LIBERADA;2006-11-16;2026-06-30
1022;VIA DE CARTÃO DO BENEFICIÁRIO NÃO COMPATÍVEL;2006-11-16;2026-06-30
1023;NOME DO TITULAR INVÁLIDO;2006-11-16;2026-06-30
1024;PLANO NÃO EXISTENTE;2006-11-16;
1025;BENEFICIÁRIO NÃO POSSUI COBERTURA PARA ASSISTÊNCIA ODONTOLÓGICA;2013-04-01;
1101;QUANTIDADE DE GUIAS INFORMADAS NO PROTOCOLO DIFERENTE DAS CADASTRADAS;2006-11-16;2026-06-30
1103;PROTOCOLO NÃO É DE REAPRESENTAÇÃO;2006-11-16;
1104;VALOR TOTAL DO PROTOCOLO DIFERENTE DO VALOR TOTAL DAS GUIAS;2006-11-16;
1201;ATENDIMENTO FORA DA VIGÊNCIA DO CONTRATO COM O CREDENCIADO;2006-11-16;2026-06-30
1202;NÚMERO DO CNES INVÁLIDO;2006-11-16;
1203;CÓDIGO PRESTADOR INVÁLIDO;2006-11-16;2026-06-30
1204;ADMISSÃO ANTERIOR À INCLUSÃO DO CREDENCIADO NA REDE;2006-11-16;2026-06-30
1205;ADMISSÃO APÓS O DESLIGAMENTO DO CREDENCIADO DA REDE;2006-11-16;2026-06-30
1206;CPF / CNPJ INVÁLIDO;2006-11-16;
1207;CREDENCIADO NÃO PERTENCE À REDE CREDENCIADA;2006-11-16;2026-06-30
1208;SOLICITAÇÃO ANTERIOR À INCLUSÃO DO CREDENCIADO;2006-11-16;2026-06-30
1209;SOLICITAÇÃO APÓS O DESLIGAMENTO DO CREDENCIADO;2006-11-16;2026-06-30
1210;SOLICITANTE CREDENCIADO NÃO CADASTRADO;2006-11-16;2026-06-30
1211;ASSINATURA / CARIMBO DO CREDENCIADO INEXISTENTE;2006-11-16;2026-06-30
1212;ATENDIMENTO / REFERÊNCIA FORA DA VIGÊNCIA DO CONTRATO DO PRESTADOR;2006-11-16;2026-06-30
1213;CBO (ESPECIALIDADE) INVÁLIDO;2006-11-16;
1214;CREDENCIADO NÃO HABILITADO A REALIZAR O PROCEDIMENTO;2006-11-16;2026-06-30
1215;CREDENCIADO FORA DA ABRANGÊNCIA GEOGRÁFICA DO PLANO;2006-11-16;2026-06-30
1216;ESPECIALIDADE NÃO CADASTRADA;2006-11-16;2026-06-30
1217;ESPECIALIDADE NÃO CADASTRADA PARA O PRESTADOR;2006-11-16;
1218;CÓDIGO DE PRESTADOR INCOMPATIVEL COM PROCEDIMENTO / EXAME COBRADO;2014-05-01;2026-06-30
1302;CÓDIGO TIPO GUIA PRINCIPAL E NÚMERO GUIAS INCOMPATÍVEIS;2006-11-16;2026-06-30
1303;NÃO EXISTE O NÚMERO GUIA PRINCIPAL INFORMADO;2006-11-16;2026-06-30
1304;COBRANÇA EM GUIA INDEVIDA;2006-11-16;
1305;ITEM PAGO EM OUTRA GUIA;2006-11-16;
1306;NÃO EXISTE NÚMERO GUIA PRINCIPAL E/OU CÓDIGO GUIA PRINCIPAL;2006-11-16;2026-06-30
1307;NÚMERO DA GUIA INVÁLIDO;2006-11-16;
1308;GUIA JÁ APRESENTADA;2006-11-16;
1309;PROCEDIMENTO CONTRATADO NÃO ESTÁ DE ACORDO COM O TIPO DE GUIA UTILIZADO;2006-11-16;2026-06-30
1310;SERVIÇO DO TIPO CIRÚRGICO E INVASIVO. EQUIPE MÉDICA NÃO INFORMADA NA GUIA;2006-11-16;2026-06-30
1311;PRESTADOR EXECUTANTE NÃO INFORMADO;2006-11-16;
1312;PRESTADOR CONTRATADO NÃO INFORMADO;2006-11-16;
1313;GUIA COM RASURA;2006-11-16;
1314;GUIA SEM ASSINATURA E/OU CARIMBO DO CREDENCIADO.;2006-11-16;2026-06-30
1315;GUIA SEM DATA DO ATO CIRÚRGICO.;2006-11-16;2026-06-30
1316;GUIA COM LOCAL DE ATENDIMENTO PREENCHIDO INCORRETAMENTE.;2006-11-16;2026-06-30
1317;GUIA SEM DATA DO ATENDIMENTO;2006-11-16;2026-06-30
1318;GUIA COM CÓDIGO DE SERVIÇO PREENCHIDO INCORRETAMENTE.;2006-11-16;2026-06-30
1319;GUIA SEM ASSINATURA DO ASSISTIDO.;2006-11-16;2026-06-30
1320;IDENTIFICAÇÃO DO ASSISTIDO INCOMPLETA;2006-11-16;2026-06-30
1321;VALIDADE DA GUIA EXPIRADA;2006-11-16;
1322;COMPROVANTE PRESENCIAL OU GTO NÃO ENVIADO;2013-04-01;
1323;DATA PREENCHIDA INCORRETAMENTE;2013-04-01;
1401;ACOMODAÇÃO NÃO AUTORIZADA;2006-11-16;2026-06-30
1402;PROCEDIMENTO NÃO AUTORIZADO;2006-11-16;2026-06-30
1403;NÃO EXISTE INFORMAÇÃO SOBRE A SENHA DE AUTORIZAÇÃO DO PROCEDIMENTO;2006-11-16;2026-06-30
1404;NÃO EXISTE GUIA DE AUTORIZAÇÃO RELACIONADA;2006-11-16;2026-06-30
1405;DATA DE VALIDADE DA SENHA É ANTERIOR A DATA DO ATENDIMENTO;2006-11-16;2026-06-30
1406;NÚMERO DA SENHA INFORMADO DIFERENTE DO LIBERADO;2006-11-16;2026-06-30
1407;SERVIÇO SOLICITADO NÃO POSSUI COBERTURA;2006-11-16;2026-06-30
1408;QUANTIDADE SERVIÇO SOLICITADA ACIMA DA AUTORIZADA;2006-11-16;2026-06-30
1409;QUANTIDADE SERVIÇO SOLICITADA ACIMA COBERTA;2006-11-16;2026-06-30
1410;SERVIÇO SOLICITADO EM CARÊNCIA;2006-11-16;2026-06-30
1411;SOLICITANTE NÃO INFORMADO;2006-11-16;
1412;PROBLEMAS NO SISTEMA AUTORIZADOR;2006-11-16;2026-06-30
1413;ACOMODAÇÃO NÃO POSSUI COBERTURA;2006-11-16;2026-06-30
1414;DATA DE VALIDADE DA SENHA EXPIRADA;2006-11-16;
1415;PROCEDIMENTO NÃO AUTORIZADO PARA O BENEFICIÁRIO;2006-11-16;2026-06-30
1416;SOLICITANTE NÃO CADASTRADO;2006-11-16;2026-06-30
1417;SOLICITANTE NÃO HABILITADO;2006-11-16;
1418;SOLICITANTE SUSPENSO;2006-11-16;2026-06-30
1419;SERVIÇO SOLICITADO JÁ AUTORIZADO;2006-11-16;2026-06-30
1420;SERVIÇO SOLICITADO FORA DA COBERTURA;2006-11-16;2026-06-30
1421;SERVIÇO SOLICITADO É DE PRÉ-EXISTÊNCIA;2006-11-16;2026-06-30
1422;ESPECIALIDADE NÃO CADASTRADA PARA O SOLICITANTE;2006-11-16;
1423;QUANTIDADE SOLICITADA ACIMA DA QUANTIDADE PERMITIDA;2006-11-16;2026-06-30
1424;QUANTIDADE AUTORIZADA ACIMA DA QUANTIDADE PERMITIDA;2006-11-16;2026-06-30
1425;NECESSITA PRÉ-AUTORIZAÇÃO DA EMPRESA;2006-11-16;
1426;NÃO AUTORIZADO PELA AUDITORIA;2016-05-01;
1427;NECESSIDADE DE AUDITORIA MÉDICA;2006-11-16;
1428;FALTA DE AUTORIZAÇÃO DA EMPRESA DE CONECTIVIDADE;2006-11-16;2026-06-30
1429;CBO-S (ESPECIALIDADE) NÃO AUTORIZADO A REALIZAR O SERVIÇO;2006-11-16;2026-06-30
1430;PROCEDIMENTO ODONTOLÓGICO NÃO AUTORIZADO;2007-05-11;2026-06-30
1431;PROCEDIMENTO NÃO AUTORIZADO NA FACE SOLICITADA;2007-05-11;
1432;PROCEDIMENTO NÃO AUTORIZADO PARA DENTE/REGIÃO SOLICITADA;2007-05-11;
1433;PROCEDIMENTO NÃO AUTORIZADO, DENTE AUSENTE;2007-05-11;2026-06-30
1434;COBRANÇA DE CONTA DE CTI NEONATAL NA SENHA DO PARTO;2012-10-10;
1435;VIGÊNCIA DO ACORDO POSTERIOR À DATA DE REALIZAÇÃO DO PROCEDIMENTO;2012-10-10;2026-06-30
1436;CANCELAMENTO DO ACORDO ANTERIOR À DATA DE REALIZAÇÃO DO PROCEDIMENTO;2012-10-10;2026-06-30
1437;SENHA DE AUTORIZAÇÃO CANCELADA;2013-04-01;
1438;PROCEDIMENTO SOLICITADO NÃO AUTORIZADO POR NÃO ATENDER A DIRETRIZ DE UTILIZAÇÃO (DUT) DO ROL DE PROCEDIMENTOS E EVENTOS EM SAÚDE DA ANS;2013-04-01;2026-06-30
1501;TEMPO DE EVOLUÇÃO DA DOENÇA INVÁLIDO;2006-11-16;2026-06-30
1502;TIPO DE DOENÇA INVÁLIDO;2006-11-16;2026-06-30
1503;INDICADOR DE ACIDENTE INVÁLIDO;2006-11-16;
1504;CARÁTER DE INTERNAÇÃO INVÁLIDO;2006-11-16;2026-06-30
1506;TIPO DE INTERNAÇÃO INVÁLIDO;2006-11-16;
1507;URGÊNCIA/EMERGÊNCIA NÃO APLICÁVEL;2016-05-01;2026-06-30
1508;CÓDIGO CID NÃO INFORMADO;2006-11-16;2026-06-30
1509;CÓDIGO CID INVÁLIDO;2006-11-16;
1601;REINCIDÊNCIA NO ATENDIMENTO;2006-11-16;
1602;TIPO DE ATENDIMENTO INVÁLIDO OU NÃO INFORMADO;2006-11-16;
1603;TIPO DE CONSULTA INVÁLIDO;2006-11-16;
1604;TIPO DE SAÍDA INVÁLIDO;2006-11-16;
1606;FINAL DA INTERVENÇÃO ANTERIOR AO INÍCIO DA INTERVENÇÃO;2006-11-16;2026-06-30
1607;ALTA HOSPITALAR ANTERIOR AO FINAL DA INTERVENÇÃO;2006-11-16;
1608;ALTA ANTERIOR À DATA DE INTERNAÇÃO;2006-11-16;
1610;ÓBITO MULHER INVÁLIDO;2006-11-16;2026-06-30
1611;INTERVENÇÃO ANTERIOR A INTERNAÇÃO;2006-11-16;2026-06-30
1612;SERVIÇO NÃO PODE SER REALIZADO NO LOCAL ESPECIFICADO;2006-11-16;2026-06-30
1613;CONSULTA NÃO AUTORIZADA;2006-11-16;2026-06-30
1614;SERVIÇO AMBULATORIAL NÃO AUTORIZADO;2006-11-16;2026-06-30
1615;INTERNAÇÃO NÃO AUTORIZADA;2006-11-16;2026-06-30
1701;COBRANÇA FORA DO PRAZO DE VALIDADE;2006-11-16;2026-06-30
1702;COBRANÇA DE PROCEDIMENTO EM DUPLICIDADE;2006-11-16;2026-06-30
1703;HORÁRIO DO ATENDIMENTO NÃO ESTÁ NA FAIXA DE URGÊNCIA/EMERGÊNCIA;2006-11-16;2026-06-30
1704;VALOR COBRADO SUPERIOR AO ACORDADO EM PACOTE;2006-11-16;2026-06-30
1705;VALOR APRESENTADO A MAIOR;2006-11-16;
1706;VALOR APRESENTADO A MENOR;2006-11-16;
1707;NÃO EXISTE INFORMAÇÃO SOBRE A TABELA QUE SERÁ UTILIZADA NA VALORAÇÃO. VERIFIQUE O CONTRATO DO PRESTADOR;2006-11-16;2026-06-30
1708;NÃO EXISTE VALOR PARA O PROCEDIMENTO REALIZADO;2006-11-16;2026-06-30
1709;FALTA PRESCRIÇÃO MÉDICA;2006-11-16;2026-06-30
1710;FALTA VISTO DA ENFERMAGEM;2006-11-16;
1711;PROCEDIMENTO PERTENCE A UM PACOTE ACORDADO E JÁ COBRADO;2006-11-16;
1712;ASSINATURA DO MÉDICO RESPONSÁVEL PELO EXAME INEXISTENTE;2006-11-16;2026-06-30
1713;FATURAMENTO INVÁLIDO;2006-11-16;
1714;VALOR DO SERVIÇO SUPERIOR AO VALOR DE TABELA;2006-11-16;2026-06-30
1715;VALOR DO SERVIÇO INFERIOR AO VALOR DE TABELA;2006-11-16;2026-06-30
1716;PERCENTUAL DE REDUÇÃO/ACRÉSCIMO FORA DOS VALORES DEFINIDOS EM TABELA;2006-11-16;
1717;PAGO  CONFORME RELATÓRIO DE AUDITORIA EXTERNA - CONTA INICIAL;2012-10-10;
1719;REANÁLISE NEGADA, ANÁLISE CONFORME TABELA ACORDADA;2012-10-10;
1720;LIBERADOS 150% DE VÍDEO, SEM COBERTURA PARA ADICIONAL DE ACOMODAÇÃO;2012-10-10;2026-06-30
1721;CÓDIGO COBRADO SUBSTITUÍDO PELO CÓDIGO PAGO;2012-10-10;
1722;PAGO CONFORME NEGOCIAÇÃO;2012-10-10;
1723;ADICIONAL DE URGÊNCIA NÃO PREVISTO PARA ATENDIMENTO CLÍNICO;2012-10-10;2026-06-30
1724;VISITA MÉDICA COBRADA PELA EQUIPE CIRÚRGICA INCLUÍDA NO PERÍODO DE 10 DIAS APÓS REALIZAÇÃO DO PROCEDIMENTO CIRÚRGICO;2012-10-10;
1725;VALOR PAGO A MAIOR REFERENTE À TAXA ADMINISTRATIVA;2012-10-10;2026-06-30
1726;VALOR APRESENTADO A MAIOR - PLANO INDIVIDUAL;2012-10-10;2026-06-30
1727;PAGO VALOR COMPATIVEL COM O PROCEDIMENTO;2012-10-10;2026-06-30
1728;COBRANÇA DE MATERIAL INCLUSO NO PROCEDIMENTO / EXAME REALIZADO;2012-10-10;2026-06-30
1729;COBRANÇA DE MATERIAL COM VALOR ACIMA DO PERMITIDO PARA PROCEDIMENTO/EXAME REALIZADO;2012-10-10;2026-06-30
1730;FILME INCLUSO NO EXAME REALIZADO;2012-10-10;2026-06-30
1731;TAXA INCOMPATIVEL PARA ATENDIMENTO AMBULATORIAL;2012-10-10;2026-06-30
1733;RECUPERAÇÃO DE VALORES POR PAGAMENTO INDEVIDO;2012-10-10;
1735;COBRANÇA DE PACOTE NÃO NEGOCIADO COM O PRESTADOR;2013-04-01;2026-06-30
1736;CONTA AGUARDANDO NEGOCIAÇÃO PARA PAGAMENTO;2013-04-01;
1737;DIFERENÇA DEVE SER COBRADA DO BENEFICIÁRIO PELO PRESTADOR COMO FRANQUIA;2013-04-01;
1738;DOCUMENTO FISCAL NÃO ENVIADO;2013-04-01;
1739;DUPLICIDADE DE CONTA DEVIDO A PERIODO COBRADO JÁ EFETUADO EM OUTRA PARCIAL;2013-04-01;2026-06-30
1740;ESTORNO DO VALOR DE PROCEDIMENTO PAGO;2013-04-01;
1741;HONORÁRIO OU PROCEDIMENTO JÁ PAGO A OUTRO PRESTADOR;2013-04-01;
1742;HONORÁRIO OU PROCEDIMENTO JÁ PAGO POR REEMBOLSO AO BENEFICIÁRIO;2013-04-01;
1743;NÃO HÁ NEGOCIAÇÃO PARA COBRANÇA DO KIT, DISCRIMINAR POR ITENS;2013-04-01;
1744;NEGOCIAÇÃO DIFERENCIADA DEVIDO A LIMINAR;2013-04-01;
1745;PAGAMENTO DA EQUIPE CONFORME RELATÓRIO DO CIRURGIÃO;2013-04-01;2026-06-30
1746;PERCENTUAL DE ACRÉSCIMO DIFERENTE DO NEGOCIADO;2013-04-01;
1747;PLANO DO BENEFICIÁRIO E O TIPO DE ACOMODAÇÃO NÃO PERMITEM ACRÉSCIMO DE HONORÁRIOS;2013-04-01;
1748;PROCEDIMENTO NÃO CARACTERIZA URGÊNCIA/EMÊRGENCIA;2013-04-01;2026-06-30
1749;RELATÓRIO DE AUDITORIA NÃO ENVIADO NA CONTA.;2013-04-01;2026-06-30
1801;PROCEDIMENTO INVÁLIDO;2006-11-16;
1802;PROCEDIMENTO INCOMPATÍVEL COM O SEXO DO BENEFICIÁRIO;2006-11-16;
1803;IDADE DO BENEFICIÁRIO INCOMPATÍVEL COM O PROCEDIMENTO;2006-11-16;
1804;NÚMERO DE DIAS LIBERADOS / SESSÕES AUTORIZADAS NÃO INFORMADAS;2006-11-16;2026-06-30
1805;VALOR TOTAL DO PROCEDIMENTO DIFERENTE DO VALOR PROCESSADO;2006-11-16;
1806;QUANTIDADE DE PROCEDIMENTO DEVE SER MAIOR QUE ZERO;2006-11-16;
1807;PROCEDIMENTOS MÉDICOS DUPLICADOS;2006-11-16;2026-06-30
1808;PROCEDIMENTO NÃO CONFORME COM CID;2006-11-16;2026-06-30
1809;COBRANÇA DE PROCEDIMENTO NÃO EXECUTADO;2006-11-16;
1810;COBRANÇA DE PROCEDIMENTO NÃO SOLICITADO PELO MÉDICO;2006-11-16;2026-06-30
1811;PROCEDIMENTO SEM REGISTRO DE EXECUÇÃO;2006-11-16;
1812;COBRANÇA DE PROCEDIMENTO NÃO CORRELACIONADO AO RELATÓRIO ESPECÍFICO;2006-11-16;2026-06-30
1813;COBRANÇA DE PROCEDIMENTO SEM JUSTIFICATIVA PARA REALIZAÇÃO OU COM JUSTIFICATIVA INSUFICIENTE.;2006-11-16;2026-06-30
1816;COBRANÇA DE PROCEDIMENTO EM QUANTIDADE INCOMPATÍVEL COM O PROCEDIMENTO/EVOLUÇÃO CLÍNICA;2006-11-16;2026-06-30
1817;COBRANÇA DE PROCEDIMENTO INCLUSO NO PROCEDIMENTO PRINCIPAL;2006-11-16;2026-06-30
1818;COBRANÇA DE PROCEDIMENTO QUE EXIGE AUTORIZAÇÃO PRÉVIA;2006-11-16;
1819;COBRANÇA DE PROCEDIMENTO COM HISTÓRIA CLÍNICA/HIPÓTESE DIAGNÓSTICA NÃO COMPATÍVEL;2006-11-16;
1820;COBRANÇA DE PROCEDIMENTO EM QUANTIDADE ACIMA DA MÁXIMA PERMITIDA/AUTORIZADA;2006-11-16;2026-06-30
1821;COBRANÇA DE PROCEDIMENTO NÃO COMPATÍVEL COM A IDADE.;2006-11-16;2026-06-30
1824;PROCEDIMENTO COBRADO NÃO CORRESPONDE AO EXAME EXECUTADO;2006-11-16;2026-06-30
1825;COBRANÇA DE PROCEDIMENTO AMBULATORIAL COM DATA DE AUTORIZAÇÃO POSTERIOR À DO ATENDIMENTO.;2006-11-16;2026-06-30
1826;VIAS DE ACESSO DOS PROCEDIMENTOS COBRADOS NÃO ESTÃO PREVISTAS NA LISTAGEM DE PROCEDIMENTOS MÚLTIPLOS.;2012-10-10;2026-06-30
1828;ADICIONAL DE URGÊNCIA NÃO PREVISTO PARA PROCEDIMENTO CIRÚRGICO ELETIVO.;2012-10-10;2026-06-30
1830;COBRANÇA DE PROCEDIMENTO SEM INFORMAÇÃO DAS DATAS DE ATENDIMENTO-VISITA, PLANTÃO, INTENSIVISTA, AVALIAÇÃO ENTERAL/PARENTERAL;2012-10-10;2026-06-30
1831;LAUDO DO EXAME ENVIADO NÃO JUSTIFICA A COBRANÇA DO PROCEDIMENTO;2012-10-10;2026-06-30
1832;PROCEDIMENTO NÃO PERMITE COBRANÇA DE AUXILIAR DE ANESTESISTA;2012-10-10;
1833;PROCEDIMENTO COBRADO NÃO PERMITE ACRÉSCIMO DE ACOMODAÇÃO;2012-10-10;2026-06-30
1834;PORTE ANESTÉSICO COBRADO INCOMPATÍVEL COM O PORTE DO PROCEDIMENTO REALIZADO;2012-10-10;
1835;"""ANALGESIA POR DIA SUBSEQUENTE"" NÃO JUSTIFICADA EM RELATÓRIO MÉDICO, PARA O PROCEDIMENTO REALIZADO E/OU DATA DO ATENDIMENTO";2012-10-10;2026-06-30
1836;"""ANALGESIA POR DIA SUBSEQUENTE"" INCOMPATÍVEL COM A VIA DE ADMINISTRAÇÃO DO MEDICAMENTO - VO OU IV PERIFÉRICA - SENDO LIBERADA VISITA HOSPITALAR";2012-10-10;
1837;NÃO CABE PAGAMENTO DO HONORÁRIO INTEGRAL POR SER VIA DE ACESSO CIRÚRGICO DIFERENTE;2012-10-10;
1838;GRAU DE PARTICIPAÇÃO INFORMADO INCOMPATÍVEL COM EVENTO COBRADO.;2013-04-01;2026-06-30
1840;PROCEDIMENTO EXECUTADO ANTES DA AUTORIZAÇÃO;2013-04-01;2026-06-30
1901;ACOMODAÇÃO INVÁLIDA;2006-11-16;2026-06-30
1902;ACOMODAÇÃO INFORMADA NÃO ESTÁ DE ACORDO COM ACOMODAÇÃO CONTRATADA;2006-11-16;2026-06-30
1903;PERMANÊNCIA HOSPITALAR INCOMPATÍVEL COM A EVOLUÇÃO CLÍNICA;2006-11-16;
1904;PERMANÊNCIA HOSPITALAR INCOMPATÍVEL COM O PROCEDIMENTO AUTORIZADO;2006-11-16;
1905;QUANTIDADE DE DIÁRIAS DEVE SER MAIOR QUE ZERO;2006-11-16;2026-06-30
1906;ACOMODAÇÃO NÃO INFORMADA;2006-11-16;2026-06-30
1907;QUANTIDADE UTI NÃO PREVISTA PARA PROCEDIMENTO;2006-11-16;2026-06-30
1908;USUÁRIO NÃO POSSUI COBERTURA DE UTI;2006-11-16;2026-06-30
1912;EVOLUÇÃO CLÍNICA NÃO COMPATÍVEL COM A PERMANÊNCIA EM UTI.;2006-11-16;2026-06-30
1913;CÓDIGO DE DIÁRIA INCOMPATÍVEL COM O LOCAL DE ATENDIMENTO.;2006-11-16;2026-06-30
1914;COBRANÇA DE DIÁRIA EM QUANTIDADE INCOMPATÍVEL COM A PERMANÊNCIA HOSPITALAR.;2006-11-16;2026-06-30
1915;MUDANÇA DE ACOMODAÇÃO SEM COMUNICAÇÃO AO PACIENTE, FAMILIAR OU ACOMPANHANTE, OU SEM SOLICITAÇÃO DESTES.;2006-11-16;2026-06-30
1916;COBRANÇA DE DIÁRIAS DE UTI INCOMPATÍVEL COM DIAGNÓSTICO E EVOLUÇÃO CLÍNICA.;2007-05-11;2026-06-30
1918;PLANO DO BENEFICIÁRIO NÃO CONTEMPLA DIÁRIA DE ACOMPANHANTE;2013-04-01;
2001;MATERIAL INVÁLIDO;2006-11-16;2026-06-30
2002;MATERIAL SEM COBERTURA PARA ATENDIMENTO AMBULATORIAL;2006-11-16;2026-06-30
2003;MATERIAL NÃO ESPECIFICADO;2006-11-16;2026-06-30
2004;MATERIAL SEM NOTA FISCAL DO FORNECEDOR;2006-11-16;2026-06-30
2005;QUANTIDADE DE MATERIAL DEVE SER MAIOR QUE ZERO;2006-11-16;2026-06-30
2006;MATERIAL INFORMADO NÃO COBERTO;2006-11-16;2026-06-30
2007;COBRANÇA DE MATERIAL EM QUANTIDADE INCOMPATÍVEL COM A PERMANÊNCIA.;2006-11-16;2026-06-30
2008;COBRANÇA DE MATERIAL EM QUANTIDADES INCOMPATÍVEIS COM O PROCEDIMENTO REALIZADO.;2006-11-16;2026-06-30
2009;QUANTIDADE DE MATERIAL SUPERIOR A QUANTIDADE COBERTA;2006-11-16;2026-06-30
2010;COBRANÇA DE MATERIAIS INCLUSOS NAS TAXAS;2006-11-16;2026-06-30
2011;COBRANÇA DE MATERIAL INCLUSO NO PACOTE NEGOCIADO.;2006-11-16;2026-06-30
2012;COBRANÇA DE MATERIAL INCOMPATÍVEL COM O RELATÓRIO TÉCNICO.;2006-11-16;2026-06-30
2013;COBRANÇA DE MATERIAL EM PERMANÊNCIA HOSPITALAR NÃO AUTORIZADA.;2006-11-16;2026-06-30
2014;COBRANÇA DE MATERIAL NÃO UTILIZADO;2006-11-16;2026-06-30
2015;MATERIAL NÃO AUTORIZADO;2013-04-01;2026-06-30
2101;MEDICAMENTO INVÁLIDO;2006-11-16;2026-06-30
2102;MEDICAMENTO SEM COBERTURA PARA ATENDIMENTO AMBULATORIAL;2006-11-16;2026-06-30
2103;MEDICAMENTO NÃO ESPECIFICADO;2006-11-16;2026-06-30
2104;MEDICAMENTO SEM NOTA FISCAL DO FORNECEDOR;2006-11-16;2026-06-30
2105;QUANTIDADE DE MEDICAMENTOS DEVE SER MAIOR QUE ZERO;2006-11-16;2026-06-30
2106;MEDICAMENTO INFORMADO NÃO COBERTO;2006-11-16;2026-06-30
2107;COBRANÇA DE MEDICAMENTO EM QUANTIDADE INCOMPATÍVEL COM A PERMANÊNCIA.;2006-11-16;2026-06-30
2108;COBRANÇA DE MEDICAMENTO EM QUANTIDADES INCOMPATÍVEIS COM O PROCEDIMENTO REALIZADO.;2006-11-16;2026-06-30
2109;QUANTIDADE DE MEDICAMENTO SUPERIOR A QUANTIDADE COBERTA;2006-11-16;2026-06-30
2110;COBRANÇA DE MEDICAMENTO INCLUSOS NAS TAXAS;2006-11-16;2026-06-30
2111;COBRANÇA DE MEDICAMENTO INCLUSO NO PACOTE NEGOCIADO.;2006-11-16;2026-06-30
2112;COBRANÇA DE MEDICAMENTO INCOMPATÍVEL COM O RELATÓRIO TÉCNICO.;2006-11-16;2026-06-30
2113;COBRANÇA DE MEDICAMENTO EM PERMANÊNCIA HOSPITALAR NÃO AUTORIZADA.;2006-11-16;2026-06-30
2114;COBRANÇA DE MEDICAMENTO NÃO UTILIZADO;2006-11-16;2026-06-30
2115;MEDICAMENTO NÃO AUTORIZADO;2013-04-01;2026-06-30
2201;OPME INVÁLIDO;2006-11-16;2026-06-30
2202;OPME SEM COBERTURA PARA ATENDIMENTO AMBULATORIAL;2006-11-16;2026-06-30
2203;OPME SEM NOTA FISCAL DO FORNECEDOR;2006-11-16;2026-06-30
2204;QUANTIDADE DE OPME DEVE SER MAIOR QUE ZERO;2006-11-16;2026-06-30
2205;OPME INFORMADO NÃO COBERTO;2006-11-16;2026-06-30
2206;OPME INFORMADO NÃO AUTORIZADO;2006-11-16;2026-06-30
2207;COBRANÇA DE OPME NÃO UTILIZADO;2006-11-16;2026-06-30
2208;COBRANÇA DE OPME NO ITEM MATERIAL E MEDICAMENTOS.;2006-11-16;2026-06-30
2209;COBRANÇA DE OPME EM DESACORDO COM RELATÓRIO TÉCNICO;2006-11-16;2026-06-30
2210;COBRANÇA DE OPME EM QUANTIDADE INCOMPATÍVEL COM O PROCEDIMENTO REALIZADO;2006-11-16;2026-06-30
2211;COBRANÇA DE OPME INCLUSA NO PACOTE NEGOCIADO;2016-05-01;2026-06-30
2212;OPME EM DESACORDO COM OS CRITÉRIOS TÉCNICOS ADOTADOS PELA OPERADORA;2013-04-01;2026-06-30
2213;OPME PAGO A FORNECEDOR TERCEIRIZADO;2013-04-01;2026-06-30
2301;GASES MEDICINAIS INVÁLIDOS;2006-11-16;2026-06-30
2302;COBRANÇA DE OXIGENOTERAPIA SEM PRESCRIÇÃO MÉDICA.;2006-11-16;2026-06-30
2303;COBRANÇA DE OXIGENOTERAPIA COM QUANTITATIVO DE USO EM DIVERGÊNCIA/PAGO VALOR CORRIGIDO.;2006-11-16;2026-06-30
2304;COBRANÇA DE OXIGÊNIO INCLUSO NA TAXA DE NEBULIZAÇÃO ESPECIFICADA.;2006-11-16;2026-06-30
2305;COBRANÇA DE OXIGENOTERAPIA EM USO PROLONGADO  SEM  JUSTIFICATIVA DE USO.;2006-11-16;2026-06-30
2306;COBRANÇA DE OXIGENOTERAPIA SEM REGISTRO DE CONTROLE DE USO (ENTRADA E SAÍDA).;2006-11-16;2026-06-30
2307;COBRANÇA DE GASES EM QUANTIDADE SUPERIOR AO PERÍODO DE PERMANÊNCIA;2006-11-16;2026-06-30
2308;COBRANÇA DE CO2 NAS CIRURGIAS VIDEOLAPAROSCÓPICAS DURANTE TODA A REALIZAÇÃO DO PROCEDIMENTO (INÍCIO AO FIM).;2006-11-16;2026-06-30
2309;COBRANÇA DE AR COMPRIMIDO SEM REGISTRO NO BOLETIM ANESTÉSICO E DURAÇÃO DE USO.;2006-11-16;2026-06-30
2310;COBRANÇA DE GASES INCOMPATÍVEL COM O UTILIZADO/ PRESCRITO.;2006-11-16;2026-06-30
2401;TAXA / ALUGUEL INVÁLIDO;2006-11-16;2026-06-30
2402;COBRANÇA DE TAXA POR USO DE EQUIPAMENTO INCOMPATÍVEL COM O PROCEDIMENTO REALIZADO/USO PREVISTO NO PROCEDIMENTO.;2006-11-16;2026-06-30
2403;COBRANÇA DE TAXA DE USO DE BOMBA DE INFUSÃO EM PACIENTE INTERNADO NA UTI;2006-11-16;2026-06-30
2404;COBRANÇA DE OUTRAS TAXAS ASSOCIADAS/INCLUSAS NA COBRANÇA DA TAXA DE SALA PREVISTA.;2006-11-16;2026-06-30
2405;COBRANÇA DE MAIS DE UMA TAXA DE SALA DE CIRURGIA, POR CONTA DO NÚMERO DE PROCEDIMENTOS REALIZADOS NO MESMO TEMPO CIRÚRGICO.;2006-11-16;2026-06-30
2406;COBRANÇA INDEVIDA DE TAXA DE SALA POR ADMINISTRAÇÃO DE MEDICAMENTOS.;2006-11-16;2026-06-30
2407;COBRANÇA DE TAXAS, DE SERVIÇOS REALIZADOS EM AMBIENTES INCOMPATÍVEIS COM O USO DE EQUIPAMENTOS.;2006-11-16;2026-06-30
2408;COBRANÇA DE TAXAS EM QUANTIDADE SUPERIOR AO TEMPO DE PERMANÊNCIA HOSPITALAR;2006-11-16;2026-06-30
2409;COBRANÇA DE TAXA DE OBSERVAÇÃO EM PRONTO SOCORRO COM PERMANÊNCIA MENOR QUE O PERÍODO ESTIPULADO;2006-11-16;2026-06-30
2410;COBRANÇA DE TAXA DE OBSERVAÇÃO EM PRONTO SOCORRO SEM O REGISTRO DA PERMANÊNCIA.;2006-11-16;2026-06-30
2411;COBRANÇA DE TAXA DE SALA DE PRONTO SOCORRO, PARA APLICAÇÃO DE MEDICAMENTOS.;2006-11-16;2026-06-30
2412;COBRANÇA DE TAXA DE RECUPERAÇÃO ANESTÉSICA NÃO JUSTIFICADA PARA O PROCEDIMENTO.;2006-11-16;2026-06-30
2413;COBRANÇA DE TAXA INCLUSA NO PACOTE NEGOCIADO.;2006-11-16;2026-06-30
2414;COBRANÇA DE TAXA DE EQUIPAMENTO EM CONCOMITÂNCIA COM A COBRANÇA DE TAXA PARA O PROCEDIMENTO.;2006-11-16;2026-06-30
2415;TAXA EXIGE INFORMAÇÃO DO VALOR NA GUIA.;2006-11-16;2026-06-30
2416;COBRANÇA DE TAXA DE RECUPERAÇÃO ANESTÉSICA PARA PACIENTES COM PÓS-OPERATÓRIO IMEDIATO REALIZADO NA UTI/CTI.;2006-11-16;2026-06-30
2417;COBRANÇA DE TAXA DE RECUPERAÇÃO ANESTÉSICA SEM A PRESENÇA DO ANESTESISTA.;2006-11-16;2026-06-30
2418;COBRANÇA DE TAXA DE SALA INCOMPATÍVEL COM O PROCEDIMENTO.;2006-11-16;2026-06-30
2419;COBRANÇA DE TAXA DE OBSERVAÇÃO PARA ATENDIMENTO QUE GEROU UMA INTERNAÇÃO.;2006-11-16;2026-06-30
2420;COBRANÇA DE TAXA DE SALA CIRÚRGICA COM PORTE ANESTÉSICO DIFERENTE DO PROCEDIMENTO AUTORIZADO/REALIZADO.;2006-11-16;2026-06-30
2421;COBRANÇA DE TAXA EM QUANTIDADE INCORRETA.;2006-11-16;2026-06-30
2422;COBRANÇA DE TAXA POR USO DE EQUIPAMENTO DE USO OBRIGATÓRIO NA SALA DE CIRURGIA, CUJA TAXA DE SALA CIRÚRGICA JÁ INCLUI SEU USO.;2006-11-16;2026-06-30
2423;COBRANÇA DE TAXA DE EQUIPAMENTOS DE USO OBRIGATÓRIO NO LOCAL DE ATENDIMENTO.;2006-11-16;2026-06-30
2501;PROCEDIMENTO EM SÉRIE INVÁLIDO;2006-11-16;2026-06-30
2502;COBRANÇA DE DUAS AVALIAÇÕES FISIOTERÁPICAS;2006-11-16;
2503;COBRANÇA DE PSICOTERAPIA INDIVIDUAL, QUANDO O APLICADO É A COBRANÇA DE PSICOTERAPIA EM GRUPO;2006-11-16;
2505;O CÓDIGO COBRADO É DIFERENTE DO CÓDIGO AUTORIZADO;2006-11-16;
2506;A QUANTIDADE DE SESSÕES COBRADAS É DIFERENTE DA QUANTIDADE AUTORIZADA;2006-11-16;
2507;O CÓDIGO AUTORIZADO ESTÁ INCOMPATÍVEL COM A PRESCRIÇÃO MÉDICA SOLICITADA;2006-11-16;
2508;COBRANÇA DE SESSÕES SEM O DEVIDO PLANO DE TRATAMENTO E, OU, COM O PRAZO DE PAGAMENTO EXPIRADO;2006-11-16;2026-06-30
2509;COBRANÇA DO PROCEDIMENTO SERIADO INCOMPATÍVEL COM O QUADRO CLÍNICO;2006-11-16;
2510;COBRANÇA DO PROCEDIMENTO SERIADO EM NÚMERO DE SESSÕES ACIMA DA QUANTIDADE ESTABELECIDA;2006-11-16;2026-06-30
2512;COBRANÇA DE SESSÕES DE FISIOTERAPIA EM DESACORDO COM AS EVOLUÇÕES DO PRONTUÁRIO MÉDICO;2006-11-16;
2513;COBRANÇA DE TRATAMENTO SERIADO SEM JUSTIFICATIVA CLÍNICA/TÉCNICA;2006-11-16;
2514;SERVIÇO NÃO CONTRATADO PARA O PRESTADOR;2006-11-16;2026-06-30
2515;LOCAL DE ATENDIMENTO INADEQUADO;2006-11-16;2026-06-30
2516;QUANTIDADE COBRADA DIFERENTE DA REALIZADA;2006-11-16;
2602;COBRANÇA DE HONORÁRIO INCLUSO NO PROCEDIMENTO PRINCIPAL;2006-11-16;2026-06-30
2603;COBRANÇA DE HONORÁRIO SEM REGISTRO DA EFETIVA PARTICIPAÇÃO DO PROFISSIONAL;2006-11-16;
2604;PROCEDIMENTO PRINCIPAL NÃO REQUER EQUIPE MÉDICA;2006-11-16;
2606;COBRANÇA DO HONORÁRIO EM LOCAL DE ATENDIMENTO INCORRETO (INEXISTENTE).;2006-11-16;2026-06-30
2608;COBRANÇA DE CONSULTA INDEVIDA, QUANDO O PROCEDIMENTO PRINCIPAL JÁ ESTÁ SENDO REMUNERADO.;2006-11-16;2026-06-30
2609;LOCAL DE ATENDIMENTO NÃO INFORMADO.;2006-11-16;2026-06-30
2610;GRAU DE PARTICIPAÇÃO DE AUXILIAR INCOMPATÍVEL COM PROCEDIMENTO COBRADO;2012-10-10;2026-06-30
2611;COBRANÇA DE ESPECIALISTA NÃO JUSTIFICADA NO EVENTO;2012-10-10;
2612;"COBRANÇA INDEVIDA DE EQUIPE ""STAND-BY"", JÁ QUE ANGIOPLASTIA SEGUIDA DE CIRURGIA CARDÍACA";2012-10-10;2026-06-30
2613;"HONORÁRIO MÉDICO DO ANESTESISTA JÁ LIBERADO NO PROCEDIMENTO CIRÚRGICO, POIS ""ANALGESIA POR DIA SUBSEQUENTE"" COBRADA NA MESMA DATA DO EVENTO CIRÚRGICO";2012-10-10;2026-06-30
2614;COBRANÇA DE CADA PARTICIPANTE DA EQUIPE DEVE SER FEITA EM GUIAS DIFERENTES;2012-10-10;2026-06-30
2702;COBRANÇA DE EXAME NÃO SOLICITADO PELO MÉDICO;2006-11-16;2026-06-30
2703;EXAME SEM REGISTRO DE EXECUÇÃO;2006-11-16;2026-06-30
2704;COBRANÇA DE EXAME NÃO CORRELACIONADO AO RELATÓRIO ESPECÍFICO;2006-11-16;2026-06-30
2705;COBRANÇA DE PROCEDIMENTO/EXAME SEM JUSTIFICATIVA PARA REALIZAÇÃO OU COM JUSTIFICATIVA INSUFICIENTE.;2006-11-16;2026-06-30
2706;COBRANÇA DE PROCEDIMENTO/EXAME COM DATA DE AUTORIZAÇÃO POSTERIOR À DO ATENDIMENTO.;2006-11-16;2026-06-30
2707;EXAME NÃO AUTORIZADO;2006-11-16;2026-06-30
2708;COBRANÇA DE EXAME EM QUANTIDADE INCOMPATÍVEL COM O PROCEDIMENTO/EVOLUÇÃO CLÍNICA;2006-11-16;2026-06-30
2710;COBRANÇA DE EXAME QUE EXIGE AUTORIZAÇÃO PRÉVIA;2006-11-16;2026-06-30
2711;COBRANÇA DE EXAME COM HISTÓRIA CLÍNICA/HIPÓTESE DIAGNÓSTICA NÃO COMPATÍVEL;2006-11-16;2026-06-30
2712;COBRANÇA DE EXAME EM QUANTIDADE ACIMA DA MÁXIMA PERMITIDA/AUTORIZADA;2006-11-16;2026-06-30
2713;COBRANÇA DE EXAME NÃO COMPATÍVEL COM A IDADE.;2006-11-16;2026-06-30
2714;COBRANÇA DE EXAME COM AUSÊNCIA DE RESULTADO OU LAUDO TÉCNICO.;2006-11-16;2026-06-30
2715;EXAME REALIZADO PELO MESMO PROFISSIONAL, NA MESMA ESPECIALIDADE, NO PRAZO INFERIOR AO ESTIPULADO SEM JUSTIFICATIVA ADEQUADA.;2006-11-16;2026-06-30
2716;EXAME COBRADO NÃO CORRESPONDE AO EXAME EXECUTADO;2006-11-16;2026-06-30
2717;COBRANÇA DE EXAME AMBULATORIAL COM DATA DE AUTORIZAÇÃO POSTERIOR À DO ATENDIMENTO.;2006-11-16;2026-06-30
2718;EXAMES NÃO JUSTIFICAM CARÁTER DE URGÊNCIA;2006-11-16;2026-06-30
2801;PACOTE INVÁLIDO;2006-11-16;2026-06-30
2802;PACOTE INCOMPATÍVEL COM O SEXO DO BENEFICIÁRIO;2006-11-16;2026-06-30
2803;IDADE DO BENEFICIÁRIO INCOMPATÍVEL COM O PACOTE;2006-11-16;2026-06-30
2804;VALOR TOTAL DO PACOTE DIFERENTE DO VALOR PROCESSADO;2006-11-16;2026-06-30
2805;VALOR DO PACOTE SUPERIOR AO VALOR DOS ITENS;2006-11-16;2026-06-30
2806;COBRANÇA DE PACOTE NÃO EXECUTADO;2006-11-16;2026-06-30
2807;COBRANÇA DE PACOTE NÃO SOLICITADO PELO MÉDICO;2006-11-16;2026-06-30
2808;PACOTE SEM REGISTRO DE EXECUÇÃO;2006-11-16;2026-06-30
2809;COBRANÇA DE PACOTE NÃO CORRELACIONADO AO RELATÓRIO ESPECÍFICO;2006-11-16;2026-06-30
2810;COBRANÇA DE PACOTE SEM JUSTIFICATIVA PARA REALIZAÇÃO OU COM JUSTIFICATIVA INSUFICIENTE.;2006-11-16;2026-06-30
2811;COBRANÇA DE PACOTE COM DATA DE AUTORIZAÇÃO POSTERIOR À DO ATENDIMENTO.;2006-11-16;2026-06-30
2812;PACOTE NÃO AUTORIZADO;2006-11-16;2026-06-30
2813;COBRANÇA DE PACOTE EM QUANTIDADE INCOMPATÍVEL COM O PROCEDIMENTO/EVOLUÇÃO CLÍNICA;2006-11-16;2026-06-30
2814;ITENS DE COMPOSIÇÃO DO PACOTE NÃO REALIZADOS;2006-11-16;
2815;COBRANÇA DO PACOTE EXIGE AUTORIZAÇÃO PRÉVIA;2006-11-16;2026-06-30
2816;COBRANÇA DE PACOTE COM HISTÓRIA CLÍNICA/HIPÓTESE DIAGNÓSTICA NÃO COMPATÍVEL;2006-11-16;2026-06-30
2817;COBRANÇA DE PACOTE EM QUANTIDADE ACIMA DA MÁXIMA PERMITIDA/AUTORIZADA;2006-11-16;2026-06-30
2818;COBRANÇA DE PACOTE NÃO COMPATÍVEL COM A IDADE.;2006-11-16;2026-06-30
2819;COBRANÇA DE PACOTE COM AUSÊNCIA DE RESULTADO OU LAUDO TÉCNICO.;2006-11-16;2026-06-30
2820;PACOTE REALIZADO PELO MESMO PROFISSIONAL, NA MESMA ESPECIALIDADE, NO PRAZO INFERIOR AO ESTIPULADO SEM JUSTIFICATIVA ADEQUADA.;2006-11-16;2026-06-30
2821;PACOTE COBRADO NÃO CORRESPONDE AO EXAME EXECUTADO;2006-11-16;2026-06-30
2822;COBRANÇA DE PACOTE AMBULATORIAL COM DATA DE AUTORIZAÇÃO POSTERIOR À DO ATENDIMENTO.;2006-11-16;2026-06-30
2901;REVISÃO DE GLOSA INVÁLIDA;2006-11-16;2026-06-30
2902;GLOSA MANTIDA;2006-11-16;
2903;PEDIDO DE REVISÃO SEM JUSTIFICATIVA;2006-11-16;
2904;MAIS DE UM RECURSO DE GLOSA PARA A MESMA GUIA/PROTOCOLO;2006-11-16;
2905;A GUIA NÃO É DE REVISÃO;2006-11-16;
2907;PRAZO DE 180 DIAS ULTRAPASSADO PARA SOLICITAÇÃO DE REANÁLISE;2012-10-10;2026-06-30
2908;SOLICITAÇÃO DE REANÁLISE EFETUADA DE FORMA INCORRETA;2012-10-10;
2909;PRAZO PARA SOLICITAÇÃO DE RECURSO DE GLOSA PRESCRITO;2013-04-01;
3001;PROCEDIMENTO ODONTOLÓGICO INVÁLIDO;2007-05-11;2026-06-30
3002;COBRANÇA DE PROCEDIMENTO ODONTOLÓGICO QUE EXIGE AUTORIZAÇÃO PRÉVIA;2007-05-11;2026-06-30
3003;IDADE DO BENEFICIÁRIO INCOMPATÍVEL COM O PROCEDIMENTO ODONTOLÓGICO;2007-05-11;2026-06-30
3004;COBRANÇA DE PROCEDIMENTO ODONTOLÓGICO EM QUANTIDADE ACIMA DA MÁXIMA PERMITIDA/AUTORIZADA;2007-05-11;2026-06-30
3007;PROCEDIMENTOS ODONTOLÓGICOS DUPLICADOS;2007-05-11;2026-06-30
3008;PROCEDIMENTO ODONTOLÓGICO INCLUSO NO PROCEDIMENTO PRINCIPAL;2016-05-01;2026-06-30
3009;COBRANÇA DE PROCEDIMENTO ODONTOLÓGICO NÃO EXECUTADO;2007-05-11;2026-06-30
3010;COBRANÇA DE PROCEDIMENTO NÃO SOLICITADO PELO CIRURGIÃO-DENTISTA;2007-05-11;2026-06-30
3011;PROCEDIMENTO ODONTOLÓGICO SEM REGISTRO DE EXECUÇÃO;2007-05-11;2026-06-30
3012;COBRANÇA DE PROCEDIMENTO ODONTOLÓGICO NÃO CORRELACIONADO AO RELATÓRIO ESPECÍFICO;2007-05-11;2026-06-30
3013;COBRANÇA DE PROCEDIMENTO ODONTOLÓGICO SEM JUSTIFICATIVA PARA REALIZAÇÃO OU COM JUSTIFICATIVA INSUFICIENTE.;2007-05-11;2026-06-30
3014;COBRANÇA DE PROCEDIMENTO ODONTOLÓGICO COM DATA DE AUTORIZAÇÃO POSTERIOR À DO ATENDIMENTO.;2007-05-11;2026-06-30
3015;COBRANÇA DE PROCEDIMENTO ODONTOLÓGICO COM AUSÊNCIA DE RESULTADO OU LAUDO TÉCNICO.;2007-05-11;2026-06-30
3016;PROCEDIMENTO ODONTOLÓGICO REALIZADO, NA MESMA ESPECIALIDADE, NO PRAZO INFERIOR AO ESTIPULADO, SEM JUSTIFICATIVA;2016-05-01;2026-06-30
3017;PROCEDIMENTO COBRADO NÃO CORRESPONDE A PERÍCIA (ESPECIFICAR).;2007-05-11;2026-06-30
3018;EVENTO GLOSADO POR AUDITORIA (ESPECIFICAR);2007-05-11;2026-06-30
3019;EVENTO SOB ANÁLISE TÉCNICA, AGUARDANDO LIBERAÇÃO DE CONFIRMAÇÃO PARA POSTERIOR PAGAMENTO;2007-05-11;
3020;CONFORME DOCUMENTAÇÃO RADIOGRÁFICA ENVIADA, EVENTO REALIZADO INADEQUADAMENTE;2007-05-11;
3021;FALHA EM INFORMAÇÃO DE DADOS DE ARCADAS/HEMI-ARCOS;2007-05-11;
3022;FALHA EM INFORMAÇÃO DE DADOS DE DENTE INICIAL E/OU FINAL;2007-05-11;
3023;FALHA EM INFORMAÇÃO DE DADOS DE FACES DOS DENTES;2007-05-11;
3024;EVENTO SÓ POSSÍVEL EM DENTES DECÍDUOS;2007-05-11;
3025;EVENTO SÓ POSSÍVEL EM DENTES PERMANENTES;2007-05-11;
3026;ERRO NAS INFORMAÇÕES DE ORDEM DOS DENTES INICIAL E FINAL;2007-05-11;
3027;DESACORDO ENTRE O TIPO DE DENTE E O NÚMERO DE CANAIS SOLICITADOS;2007-05-11;
3029;EVENTO NÃO INDICADO PELA AUDITORIA INICIAL;2007-05-11;
3030;AUDITORIA FINAL CONSTA QUE A RESTAURAÇÃO FOI REALIZADA EM OUTRO MATERIAL;2007-05-11;
3031;RADIOGRAFIA FORA DOS PADRÕES TÉCNICOS;2007-05-11;
3032;INTERVALO DA ÚLTIMA MPP INFERIOR A TRÊS MESES;2007-05-11;
3033;INTERVALO DA ÚLTIMA MPP INFERIOR A QUATRO MESES;2007-05-11;
3034;JUSTIFICATIVA TECNICAMENTE NÃO SATISFATÓRIA;2007-05-11;2026-06-30
3035;PACIENTE EM TRATAMENTO COM O MESMO PROFISSIONAL;2007-05-11;2026-06-30
3036;PACIENTE EM TRATAMENTO COM OUTRO PROFISSIONAL;2007-05-11;2026-06-30
3037;PROCEDIMENTO COBRADO NÃO É IGUAL AO EXECUTADO;2007-05-11;2026-06-30
3038;RADIOGRAFIA INICIAL INCONGRUENTE COM A RADIOGRAFIA FINAL;2007-05-11;
3039;RADIOGRAFIA NÃO CORRESPONDE AO PROCEDIMENTO COBRADO;2007-05-11;
3040;GLOSA TÉCNICA (ESPECIFICAR DETALHADAMENTE);2007-05-11;
3041;AGUARDANDO DOCUMENTAÇÃO DE ORTODONTIA;2013-04-01;
3045;APÓS ANÁLISE DA RADIOGRAFIA INICIAL, VERIFICOU-SE EXODONTIA DE FRAGMENTO RADICULAR;2013-04-01;
3046;AUDITORIA FINAL CONSTA QUE O PROCEDIMENTO FOI REALIZADO COM OUTRO MATERIAL;2013-04-01;
3047;AUSÊNCIA DE IMAGEM/FOTO/RADIOGRAFIA/ DIAGNÓSTICO PÓS PROCEDIMENTO ODONTOLÓGICO;2013-04-01;
3048;CANCELAMENTO DO PROCEDIMENTO ODONTOLÓGICO POR SOLICITAÇÃO DO BENEFICIÁRIO.;2013-04-01;2026-06-30
3049;CANCELAMENTO DO PROCEDIMENTO ODONTOLÓGICO POR SOLICITAÇÃO DO PRESTADOR.;2013-04-01;2026-06-30
3051;DOCUMENTAÇÃO EM ANÁLISE;2013-04-01;
3052;DOCUMENTAÇÃO INCOMPLETA, INCORRETA OU AUSENTE;2013-04-01;2026-06-30
3055;IDENTIFICADO TRATAMENTO ENDODÔNTICO E NÃO RETRATAMENTO;2013-04-01;
3056;NA AUDITORIA FOI CONSTATADA DIVERGÊNCIA NA QUANTIDADE DE FACES RESTAURADAS;2013-04-01;
3057;NÃO APRESENTA A QUANTIDADE MÍNIMA DE ELEMENTOS DENTÁRIOS POR SEGMENTO;2013-04-01;
3058;NECESSÁRIA AUDITORIA FINAL;2013-04-01;2026-06-30
3059;NECESSÁRIA AUDITORIA INICIAL;2013-04-01;2026-06-30
3060;NECESSÁRIA AUDITORIA INTERMEDIÁRIA;2013-04-01;2026-06-30
3061;NECESSÁRIA AVALIAÇÃO DO ESPECIALISTA;2013-04-01;
3062;NECESSÁRIO ENVIAR LAUDO OU RELATÓRIO TÉCNICO SOBRE O TRATAMENTO SOLICITADO.;2013-04-01;2026-06-30
3063;O PLANO DE TRATAMENTO AUTORIZADO SERÁ CANCELADO DEVIDO À TROCA DE PROFISSIONAL;2013-04-01;
3064;PROCEDIMENTO AUTORIZADO APENAS PARA DENTES TRATADOS ENDODONTICAMENTE;2013-04-01;
3065;PROCEDIMENTO AUTORIZADO SOMENTE PARA DENTES ANTERIORES;2013-04-01;
3066;PROCEDIMENTO EM DESACORDO COM O ANEXO GUIA TRATAMENTO ODONTOLÓGICO SITUAÇÃO INICIAL;2013-04-01;
3067;RADIOGRAFIA FINAL NÃO ENVIADA;2013-04-01;
3068;RADIOGRAFIA FINAL SEM DISSOCIAÇÃO DOS CONDUTOS;2013-04-01;
3072;RADIOGRAFIA INDICA CANAL(AIS) NÃO OBTURADO(S);2013-04-01;
3074;RADIOGRAFIA INDICA EXCESSO DE MATERIAL;2013-04-01;
3075;RADIOGRAFIA INDICA FALHA NA OBTURAÇÃO DO(S) CONDUTO(S);2013-04-01;
3076;RADIOGRAFIA INDICA FALTA DE ADAPTAÇÃO DA COROA/NÚCLEO;2013-04-01;
3077;RADIOGRAFIA INDICA FALTA DE ADAPTAÇÃO DA COROA/PEÇA PROTÉTICA;2013-04-01;
3078;RADIOGRAFIA INDICA NÚCLEO INADEQUADO;2013-04-01;
3079;RADIOGRAFIA INDICA TRATAMENTO ENDODÔNTICO E NÃO RETRATATAMENTO  ENDODÔNTICO;2013-04-01;2026-06-30
3080;RADIOGRAFIA INICIAL E FINAL NÃO ENVIADAS;2014-05-01;
3081;RADIOGRAFIA INICIAL NÃO ENVIADA;2013-04-01;
3082;RADIOGRAFIA/IMAGEM INDICA FALHA NA RESTAURAÇÃO;2013-04-01;
3083;REAVALIAR O PLANO DE TRATAMENTO OBSERVANDO CRITÉRIOS DE INDICAÇÃO, OPORTUNIDADE E VIABILIDADE.;2013-04-01;2026-06-30
3084;RELATÓRIO ANALISE TÉCNICA SEM CARIMBO/ASSINATURA DO  PRESTADOR;2013-04-01;2026-06-30
3085;RADIOGRAFIA NÃO CORRESPONDE AO PROCEDIMENTO SOLICITADO;2013-04-01;
3086;TRATAMENTO ODONTOLÓGICO NÃO CARACTERIZADO COMO URGÊNCIA.;2013-04-01;2026-06-30
3087;COBRANÇA INDEVIDA DE TAXA ADMINISTRATIVA;2016-05-01;2026-06-30
3088;VALOR ACATADO, CONFORME REAJUSTE RETROATIVO;2016-05-01;
3089;QUANTIDADE DE ITENS INCOMPATÍVEL COM O PERÍODO DE INTERNAÇÃO;2016-05-01;2026-06-30
3090;NECESSÁRIO ENVIAR AS ETIQUETAS E SELOS HEMOTERÁPICOS DO MATERIAL UTILIZADO;2016-05-01;
3091;COBRANÇA FORA DO PRAZO ESTIPULADO NO CONTRATO;2016-05-01;2026-06-30
3092;VALOR ACATADO POR GLOSA REALIZADA INDEVIDAMENTE, APÓS AVALIAÇÃO DO RECURSO;2016-05-01;2026-06-30
3093;VALOR ACATADO POR AUTORIZAÇÃO ESPECIAL;2016-05-01;
3094;VALOR DA TAXA ADMINISTRATIVA ALTERADO EM RAZÃO DE GLOSAS;2016-05-01;
3095;RECURSO DE GLOSA ACATADO;2016-05-01;
3096;ATENDIMENTO NÃO CONFIRMADO PELO BENEFICIÁRIO;2016-05-01;
3097;TIPO DE ATENDIMENTO INCOMPATÍVEL COM A SEGMENTAÇÃO ASSISTENCIAL CONTRATADA;2016-05-01;
3098;O PRESTADOR POSSUI PACOTE CONTRATADO PARA ESTE PROCEDIMENTO. VERIFIQUE O CÓDIGO CORRESPONDENTE;2016-05-01;
3100;PARA LIBERAR ESTE ACESSO, ENTRE EM CONTATO COM A OPERADORA E SOLICITE O CADASTRAMENTO DO SEU CÓDIGO DE ORIGEM;2016-05-01;
3101;O PROCEDIMENTO SOLICITADO É DE EXECUÇÃO ÚNICA E JÁ FOI REALIZADO PELO BENEFICIÁRIO;2016-05-01;
3102;É NECESSÁRIO TER UM PROCEDIMENTO RELACIONADO À SOLICITAÇÃO;2016-05-01;
3103;SOLICITAÇÃO DE AUTORIZAÇÃO FORA DO PRAZO ACORDADO;2016-05-01;
3104;RECUSADO, CONFORME JUNTA MÉDICA/ODONTOLÓGICA;2016-05-01;
3105;ITEM COM UTILIZAÇÃO SUSPENSA PELO ÓRGÃO COMPETENTE;2016-05-01;
3106;REGISTRO ANVISA INVÁLIDO OU NÃO INFORMADO;2016-05-01;
3107;ITEM CATEGORIZADO COMO NÃO DESCARTÁVEL;2016-05-01;
3108;ITEM INCLUSO NO PACOTE NEGOCIADO;2016-05-01;
3109;PROCEDIMENTO SOLICITADO NÃO AUTORIZADO POR NÃO CONSTAR DO ROL DE PROCEDIMENTOS E EVENTOS EM SAÚDE DA ANS;2016-05-01;
3110;BLOQUEIO JUDICIAL;2016-05-01;
3111;CAMPO CONDICIONADO NÃO PREENCHIDO OU INCORRETO;2016-05-01;
3112;DESCONTO DE COPARTICIPAÇÃO/FRANQUIA CONFORME CONTRATO;2016-05-01;
3113;NECESSÁRIO ENVIO DE  RADIOGRAFIA  PERIAPICAL DA REGIÃO;2016-05-01;
3114;NECESSÁRIO ENVIO DE RADIOGRAFIA INTERPROXIMAL DA REGIÃO;2016-05-01;
3115;NECESSÁRIO ENVIO DE RADIOGRAFIA OCLUSAL DA REGIÃO;2016-05-01;
3116;REALIZAÇÃO DE PROCEDIMENTO COM NECESSIDADE ESTÉTICA;2016-05-01;2026-06-30
3117;PROCEDIMENTO ODONTOLÓGICO COM INDICAÇÃO TÉCNICA EM PROGNÓSTICO DESFAVORÁVEL;2016-05-01;
3118;NECESSÁRIO ENVIAR TERMO DE CONSENTIMENTO INFORMADO;2016-05-01;
3119;NECESSÁRIO ENVIAR TERMO DE RESPONSABILIDADE PROFISSIONAL;2016-05-01;
3120;NECESSÁRIO O ENVIO DO PEDIDO DO PROFISSIONAL SOLICITANTE;2016-05-01;
3121;ITEM AUTORIZADO E AINDA NÃO INDENIZADO;2016-05-01;2026-06-30
3122;SOLICITAÇÃO DE REEMBOLSO EM PLANO SEM DIREITO À LIVRE ESCOLHA;2016-05-01;
3123;ITEM PARA A MESMA FINALIDADE JÁ AUTORIZADO;2016-05-01;
3124;RADIOGRAFIA SUGERE INDICAÇÃO DE EXODONTIA;2016-05-01;
3126;COBRANÇA DE ITEM ANTERIOR À DATA DE REALIZAÇÃO;2016-05-01;
3127;IMAGEM SUGERE ALTERAÇÃO PATOLÓGICA;2016-05-01;
3128;IMAGEM SUGERE PRESENÇA DE ARTEFATO DE IMAGEM;2016-05-01;
3129;IMAGEM SUGERE PRESENÇA DE CORPO ESTRANHO;2016-05-01;
3130;IMAGEM SUGERE IMPLANTE EM PROCESSO DE OSSEOINTEGRAÇÃO;2016-05-01;
3131;ENVIAR PLANO DE TRATAMENTO ORTODÔNTICO INICIAL;2016-05-01;
3132;ENVIAR PLANO DE TRATAMENTO ORTODÔNTICO INTERMEDIÁRIO;2016-05-01;
3133;TRATAMENTO ORTODÔNTICO CONCLUÍDO;2016-05-01;
3134;TRATAMENTO ORTODÔNTICO EM  FASE DE CONTENÇÃO;2016-05-01;
3136;PROCEDIMENTO OU ITEM ASSISTENCIAL AUTORIZADO;2016-05-01;
3137;PROCEDIMENTO PREVÊ COPARTICIPAÇÃO/FRANQUIA CONFORME CONTRATO;2016-05-01;2026-06-30
3138;CONDIÇÃO CLÍNICA INCOMPATÍVEL COM A SOLICITAÇÃO;2016-05-01;
3140;ABANDONO DE TRATAMENTO PELO BENEFICIÁRIO;2016-05-01;
3141;BENEFICIÁRIO NÃO POSSUI COBERTURA PARA ASSISTÊNCIA AMBULATORIAL;2016-05-01;2026-06-30
3142;ITEM NÃO CONTRATADO;2016-05-01;
3143;VALOR ACATADO POR DECISÃO JUDICIAL /LIMINAR;2016-05-01;
3144;NÃO É NECESSÁRIA AUTORIZAÇÃO PRÉVIA;2016-05-01;
3145;NÃO AUTORIZADO POR MOTIVO TÉCNICO;2016-05-01;
3146;PRODUTO CONTRATADO NÃO ADAPTADO À LEI 9.656/98, SEM COBERTURA CONTRATUAL PARA O ITEM SOLICITADO;2016-05-01;
3147;MATERIAL PASSÍVEL DE REPROCESSAMENTO;2016-05-01;
3148;TIPO DE TRANSAÇÃO INVÁLIDO;2016-05-01;
3149;INDICADOR DE ENVIO EM PAPEL INVÁLIDO;2016-05-01;
3150;CÓDIGO DA TABELA INVÁLIDO;2016-05-01;
3151;O ESTABELECIMENTO DE SAÚDE PARA O QUAL FOI SOLICITADA A INFORMAÇÃO SOBRE PARTOS NÃO POSSUÍA VÍNCULO COM A OPERADORA NO PERÍODO A QUE SE REFERE A INFORMAÇÃO;2016-05-01;2026-06-30
3152;O PROFISSIONAL PARA O QUAL FOI SOLICITADA A INFORMAÇÃO SOBRE PARTOS NÃO POSSUÍA VÍNCULO COM A OPERADORA NO PERÍODO A QUE SE REFERE A INFORMAÇÃO;2016-05-01;2026-06-30
3153;O ESTABELECIMENTO DE SAÚDE PARA O QUAL FOI SOLICITADA A INFORMAÇÃO SOBRE PARTOS NÃO POSSUI VÍNCULO COM A OPERADORA;2016-05-01;2026-06-30
3154;O PROFISSIONAL PARA O QUAL FOI SOLICITADA A INFORMAÇÃO SOBRE PARTOS NÃO POSSUI VÍNCULO COM A OPERADORA;2016-05-01;2026-06-30
3155;PARTOGRAMA OU RELATÓRIO MÉDICO NÃO DISPONÍVEL PARA CONSULTA DA OPERADORA;2016-05-01;
5001;MENSAGEM ELETRÔNICA FORA DO PADRÃO TISS;2006-11-16;
5002;NÃO FOI POSSÍVEL VALIDAR O ARQUIVO XML;2006-11-16;
5003;ENDEREÇO DO REMETENTE INVÁLIDO;2006-11-16;
5004;ENDEREÇO DO DESTINATÁRIO INVÁLIDO;2006-11-16;
5005;REMETENTE NÃO IDENTIFICADO;2006-11-16;
5006;DESTINATÁRIO NÃO IDENTIFICADO;2006-11-16;
5007;MENSAGEM INCONSISTENTE OU INCOMPLETA;2006-11-16;
5008;ESPAÇO RESERVADO PARA A CAIXA DE SAÍDA INSUFICIENTE;2006-11-16;2026-06-30
5009;ESPAÇO RESERVADO PARA A CAIXA DE ENTRADA INSUFICIENTE;2006-11-16;2026-06-30
5010;ENVIO DE MENSAGEM NÃO FOI TERMINADO;2006-11-16;
5011;ENVIO DE MENSAGEM FINALIZADA;2006-11-16;
5012;RECEBIMENTO DE MENSAGEM NÃO FINALIZADO;2006-11-16;
5013;RECEBIMENTO DE MENSAGEM FINALIZADA;2006-11-16;
5017;ARQUIVO PROCESSADO PELA ANS;2013-12-01;
5018;CERTIFICADO DIGITAL INVÁLIDO;2014-05-01;
5019;CERTIFICADO DIGITAL VENCIDO;2014-05-01;
5020;CERTIFICADO DIGITAL REVOGADO;2014-05-01;
5021;CADEIA DE CERTIFICAÇÃO INVÁLIDA;2014-05-01;
5022;ASSINATURA DIGITAL NÃO CONFERE;2014-05-01;
5023;COMPETÊNCIA NÃO ESTÁ LIBERADA PARA ENVIO DE DADOS;2014-05-01;
5024;OPERADORA INATIVA NA COMPETÊNCIA DOS DADOS;2014-05-01;
5025;DATA DE REGISTRO DA TRANSAÇÃO INVÁLIDA;2014-05-01;
5026;HORA DE REGISTRO DA TRANSAÇÃO INVÁLIDA;2014-05-01;
5027;REGISTRO ANS DA OPERADORA INVÁLIDO;2014-05-01;
5028;VERSÃO DO PADRÃO INVÁLIDA;2014-05-01;
5029;INDICADOR INVÁLIDO;2014-05-01;
5030;CÓDIGO DO MUNÍCIPIO INVÁLIDO;2014-05-01;
5031;CARÁTER DE ATENDIMENTO INVÁLIDO;2014-05-01;2026-06-30
5032;INDICADOR DE RECÉM-NATO INVÁLIDO;2014-05-01;
5033;MOTIVO DE ENCERRAMENTO INVÁLIDO;2014-05-01;
5034;VALOR NÃO INFORMADO;2014-05-01;
5035;CÓDIGO DA TABELA DE REFERÊNCIA NÃO INFORMADO;2014-05-01;
5036;CÓDIGO DO GRUPO DO PROCEDIMENTO INVÁLIDO;2014-05-01;
5037;CÓDIGO DO DENTE INVÁLIDO;2014-05-01;
5038;CÓDIGO DA REGIÃO DA BOCA INVÁLIDO;2014-05-01;
5039;CÓDIGO DA FACE DO DENTE INVÁLIDO;2014-05-01;
5040;VALOR DEVE SER MAIOR QUE ZERO;2014-05-01;
5041;QUANTIDADE NÃO INFORMADA;2014-05-01;2026-06-30
5042;VALOR INFORMADO DA GUIA DIFERENTE DO SOMATÓRIO DO VALOR INFORMADO DOS ITENS;2014-05-01;
5043;MOTIVO INVÁLIDO;2014-05-01;
5044;JÁ EXISTEM INFORMAÇÕES NA ANS PARA A COMPETÊNCIA INFORMADA;2014-05-01;
5045;COMPETÊNCIA ANTERIOR NÃO ENVIADA;2014-05-01;
5046;COMPETÊNCIA INVÁLIDA;2014-05-01;
5047;NÚMERO DO LOTE NÃO INFORMADO;2016-05-01;
5048;DATA DE NASCIMENTO DO BENEFICIÁRIO INVÁLIDA;2016-05-01;
5049;VALOR TOTAL MENOR QUE ZERO NA GUIA;2016-05-01;
5050;VALOR INFORMADO INVÁLIDO;2016-05-01;
5052;IDENTIFICADOR INEXISTENTE;2016-05-01;
5053;IDENTIFICADOR JÁ INFORMADO;2016-05-01;
5054;IDENTIFICADOR NÃO ENCONTRADO;2016-05-01;
5055;IDENTIFICADOR JÁ INFORMADO NA COMPETÊNCIA;2016-05-01;
5056;IDENTIFICADOR NÃO INFORMADO NA COMPETÊNCIA;2016-05-01;
5057;GUIA DE CONSULTA COM MAIS DE UM PROCEDIMENTO;2016-05-01;
5058;PROCEDIMENTO INCOMPATÍVEL COM O TIPO DE GUIA;2016-05-01;
5059;EXCLUSÃO INVÁLIDA - EXISTEM LANÇAMENTOS VINCULADOS A ESTA FORMA DE CONTRATAÇÃO;2016-05-01;
5060;VALOR TOTAL PAGO DIFERENTE DA SOMA DAS PARCELAS PAGAS NO LANÇAMENTO;2016-05-01;
5061;TIPO DE ATENDIMENTO OPERADORA INTERMEDIÁRIA NÃO INFORMADO;2018-01-01;
5062;REGISTRO ANS DA OPERADORA INTERMEDIÁRIA NÃO INFORMADO;2018-01-01;
3156;TOKEN INVÁLIDO;2019-03-01;
3157;QR CODE INVÁLIDO;2019-03-01;
3158;BIOMETRIA – FALHA NA TRANSMISSÃO;2019-03-01;
3159;BIOMETRIA – NÃO COMPATÍVEL;2019-03-01;
3160;TIME OUT - TENTE NOVAMENTE;2021-08-01;
3161;PRAZO DE ENVIO FORA DO PERÍODO CONTRATUAL ACORDADO ENTRE AS PARTES;2021-08-01;
3162;Código do protocolo não encontrado;2021-08-01;2026-06-30
3163;NÃO NECESSITA DE IMAGEM;2021-08-01;
3164;ARQUIVO ENVIADO NÃO É DE IMAGEM;2021-08-01;
3165;ARQUIVO DE IMAGEM CORROMPIDO;2021-08-01;
3166;ARQUIVO ENVIADO EXCEDE O TAMANHO MÁXIMO PERMITIDO;2021-08-01;
3167;SEQUENCIAL INVÁLIDO;2022-10-01;
3168;ASSINATURA DIGITAL INVÁLIDA OU NÃO ENVIADA;2022-10-01;
5063;PAR CNPJ x CNES NAO ENCONTRADO NA BASE DO CNES;2022-10-01;
5064;TIPO DE ESTABELECIMENTO NO CNES NÃO É APTO PARA INTERNAÇÃO;2022-10-01;
5067;DIAGNÓSTICO EM DUPLICIDADE;2022-10-01;
5068;DECLARAÇÃO DIFERENTE DO LANÇAMENTO ANTERIOR DA GUIA;2022-10-01;
5069;CÓDIGO DO DENTE DIFERENTE DO LANÇAMENTO ANTERIOR DA GUIA;2022-10-01;
5070;CÓDIGO DA REGIÃO DA BOCA DIFERENTE DO LANÇAMENTO ANTERIOR DA GUIA;2022-10-01;
5071;CÓDIGO DA FACE DO DENTE DIFERENTE DO LANÇAMENTO ANTERIOR DA GUIA;2022-10-01;
5072;VALOR INFORMADO DIFERENTE DO LANÇAMENTO ANTERIOR DA GUIA;2022-10-01;
5073;O PRIMEIRO LANCAMENTO DA GUIA SÓ PODE SER EXCLUIDO SE ELE FOR O ÚNICO;2022-10-01;
5074;REGIME DE ATENDIMENTO INVÁLIDO;2022-10-01;
5075;CID DIFERENTE DO LANÇAMENTO ANTERIOR DA GUIA;2022-10-01;
5076;CPF NÃO ENCONTRADO NA RECEITA FEDERAL;2022-10-01;
5077;SEXO NA RECEITA FEDERAL DIFERENTE DO INFORMADO PARA O CPF;2022-10-01;
5078;DATA DE NASCIMENTO NA RECEITA FEDERAL DIFERENTE DA INFORMADA PARA O CPF;2022-10-01;
5080;MODELO DE REMUNERAÇÃO NÃO INFORMADO;2022-10-01;
5081;MODELO DE REMUNERAÇÃO NÃO DEVE SER INFORMADO PARA REEMBOLSO/PRESTADOR EVENTUAL;2022-10-01;
5083;SOMA DOS VALORES DOS MODELOS DE REMUNERAÇÃO DIFERENTE DO VALOR INFORMADO DA GUIA;2022-10-01;
5084;UNIDADE DE MEDIDA NÃO DEVE SER PREENCHIDA PARA A TABELA TUSS INFORMADA;2022-10-01;
5085;UNIDADE DE MEDIDA É OBRIGATÓRIA PARA A TABELA TUSS INFORMADA;2022-10-01;
5086;DADO DIVERGENTE COM A RECEITA FEDERAL PARA ESTE CNS (CPF/SEXO/DATA NASCIMENTO);2022-10-01;
1017;DATA DE VALIDADE DA CARTEIRA VENCIDA;2025-12-01;
1102;PROTOCOLO É DE REAPRESENTAÇÃO;2025-12-01;
1301;TIPO DE GUIA INVÁLIDO;2025-12-01;
1505;REGIME DE INTERNAÇÃO INVÁLIDO;2025-12-01;
1605;INTERVENÇÃO ANTERIOR À ADMISSÃO;2025-12-01;
1609;MOTIVO DE SAÍDA INVÁLIDO;2025-12-01;
1718;REANÁLISE NEGADA, PAGO CONFORME RELATÓRIO DE AUDITORIA;2025-12-01;
1732;QUIMIOTERAPIA (QT) COM DATA DE EVENTO DIVERGENTE DA LIBERADA;2025-12-01;
1734;COBRADA CONTA ABERTA, PAGO O PACOTE CONFORME NEGOCIAÇÃO;2025-12-01;
1814;COBRANÇA DE PROCEDIMENTO COM DATA DE AUTORIZAÇÃO POSTERIOR À DO ATENDIMENTO;2025-12-01;
1822;COBRANÇA DE PROCEDIMENTO COM AUSÊNCIA DE RESULTADO OU LAUDO TÉCNICO;2025-12-01;
1823;PROCEDIMENTO REALIZADO PELO MESMO PROFISSIONAL, NA MESMA ESPECIALIDADE, EM PRAZO INFERIOR AO ESTIPULADO SEM JUSTIFICATIVA ADEQUADA;2025-12-01;
1827;COBRANÇA DE OUTRO PROCEDIMENTO EM OUTRA GUIA, NA MESMA DATA, PELO MESMO PROFISSIONAL COM MESMO GRAU DE PARTICIPAÇÃO - LIBERADO VALOR REFERENTE À VIA DE ACESSO DO PROCEDIMENTO SECUNDÁRIO;2025-12-01;
1829;ADICIONAL DE VÍDEO NÃO PREVISTO PARA O PROCEDIMENTO;2025-12-01;
1839;NECESSÁRIO ENVIO DO RESULTADO DO EXAME ANATOMOPATOLÓGICO;2025-12-01;
1910;COBRANÇA DE DIÁRIAS EM LOCAIS DE ACOMODAÇÕES DIFERENTES, NO MESMO DIA;2025-12-01;
1911;PERMANÊNCIA HOSPITALAR PARA INVESTIGAÇÃO INJUSTIFICADA;2025-12-01;
1917;FALTA PRORROGAÇÃO PARA QUANTIDADE DE DIÁRIAS COBRADAS;2025-12-01;
2504;QUANTIDADE DE SESSÕES COBRADAS NÃO CONDIZ COM AS ASSINATURAS NO CONTROLE DE TRATAMENTO SERIADO;2025-12-01;
2511;AUSÊNCIA DE EVOLUÇÃO NO PRONTUÁRIO MÉDICO DO TRATAMENTO SERIADO REALIZADO;2025-12-01;
2601;CODIFICAÇÃO INCORRETA/INADEQUADA DO PROCEDIMENTO;2025-12-01;
2605;NÃO CABE PAGAMENTO DO HONORÁRIO INTEGRAL POR SER A MESMA VIA DE ACESSO CIRÚRGICO;2025-12-01;
2607;COBRANÇA DE HONORÁRIOS EM DUPLICIDADE;2025-12-01;
3028;EVENTO RESTRITO A ESPECIALISTAS;2025-12-01;
3042;APÓS ANÁLISE DA RADIOGRAFIA INICIAL, VERIFICOU-SE EXODONTIA DE INCLUSO;2025-12-01;
3043;APÓS ANÁLISE DA RADIOGRAFIA INICIAL, VERIFICOU-SE EXODONTIA DE SEMI-INCLUSO;2025-12-01;
3044;APÓS ANÁLISE DA RADIOGRAFIA INICIAL, VERIFICOU-SE EXODONTIA SIMPLES;2025-12-01;
3050;COBRANÇA DE URGÊNCIA/EMERGÊNCIA NA VIGÊNCIA DO TRATAMENTO ODONTOLÓGICO;2025-12-01;
3053;ELEMENTOS PODEM SER VISUALIZADOS EM UMA MESMA PELÍCULA;2025-12-01;
3054;IDENTIFICADO(S) CONDUTO(S) NÃO OBTURADO(S);2025-12-01;
3069;RADIOGRAFIA INDICA A NECESSIDADE DE TRATAMENTO ENDODÔNTICO;2025-12-01;
3070;RADIOGRAFIA INDICA A PRESENÇA DE RAIZ RESIDUAL NO ALVEÓLO;2025-12-01;
3071;RADIOGRAFIA INDICA AUSÊNCIA DE NÚCLEO;2025-12-01;
3073;RADIOGRAFIA INDICA DESVIO DA TRAJETÓRIA DO CANAL;2025-12-01;
3125;RADIOGRAFIA SUGERE INDICAÇÃO DE RETRATAMENTO ENDODÔNTICO;2025-12-01;
3135;PROFISSIONAL INFORMADO PARA REEMBOLSO PERTENCE À REDE DA OPERADORA;2025-12-01;
5014;CÓDIGO HASH INVÁLIDO. MENSAGEM PODE ESTAR CORROMPIDA;2025-12-01;
5015;NÚMERO DE GUIAS/DEMONSTRATIVOS DENTRO DA MENSAGEM SUPERIOR AO TAMANHO MÁXIMO PERMITIDO;2025-12-01;
5016;SEM NENHUMA OCORRÊNCIA DE MOVIMENTO NA COMPETÊNCIA PARA ENVIO À ANS;2025-12-01;
5051;COMPETÊNCIA DO ARQUIVO DIFERENTE DA COMPETÊNCIA DA DATA DE PROCESSAMENTO DO LANÇAMENTO;2025-12-01;
5066;NÚMERO DA DECLARAÇÃO EM DUPLICIDADE;2025-12-01;
5079;MODELO DE REMUNERAÇÃO EM DUPLICIDADE;2025-12-01;
3139;TRATAMENTO ORTODÔNTICO SUSPENSO A PEDIDO DO DENTISTA;2025-12-01;
5082;MODELO DE REMUNERAÇÃO NÃO DEVE SER INFORMADO PARA REDE PRÓPRIA COM MESMO CNPJ;2025-12-01;
5065;TIPO DE ATIVIDADE ECONÔMICA DO CNPJ NÃO É APTO PARA INTERNAÇÃO;2025-12-01;
3169;ASSINATURA DO BENEFICIÁRIO TITULAR/RESPONSÁVEL INEXISTENTE/DIVERGENTE;2026-02-01;
3170;ASSINATURA/CARIMBO DO PROFISSIONAL SOLICITANTE INEXISTENTE;2025-12-01;
3171;ATENDIMENTO DENTRO DA CARÊNCIA DO BENEFICIÁRIO;2025-12-01;
3172;AUSÊNCIA DE RADIOGRAFIA PERIAPICAL DO TRATAMENTO ENDODÔNTICO CONCLUÍDO;2025-12-01;
3173;BENEFICIÁRIO EM CUMPRIMENTO DE COBERTURA PARCIAL TEMPORÁRIA (DLP PREEXISTENTE) PARA O PROCEDIMENTO/ITEM ASSISTENCIAL SOLICITADO;2025-12-01;
3174;BENEFICIÁRIO EM TRATAMENTO COM O MESMO PROFISSIONAL;2025-12-01;
3175;BENEFICIÁRIO EM TRATAMENTO COM OUTRO PROFISSIONAL;2025-12-01;
3176;BENEFICIÁRIO NÃO SE ENCONTRA NO LOCAL DO ATENDIMENTO;2025-12-01;
3177;BENEFICIÁRIO TITULAR SEM DADOS BANCÁRIOS CADASTRADOS;2025-12-01;
3178;CANCELAMENTO DO PROCEDIMENTO POR SOLICITAÇÃO DO BENEFICIÁRIO;2025-12-01;
3179;CANCELAMENTO DO PROCEDIMENTO POR SOLICITAÇÃO DO PRESTADOR;2025-12-01;
3180;CARÁTER DE ATENDIMENTO INVÁLIDO;2025-12-01;
3181;COBRANÇA DE ITEM ASSISTENCIAL PARA ATENDIMENTO QUE GEROU UMA INTERNAÇÃO;2025-12-01;
3182;COBRANÇA DE HONORÁRIO EM LOCAL DE ATENDIMENTO INVÁLIDO;2025-12-01;
3183;COBRANÇA DE ITEM ASSISTENCIAL COM PERMANÊNCIA MENOR QUE O PERÍODO ESTIPULADO;2025-12-01;
3184;COBRANÇA DE ITEM ASSISTENCIAL COM VALOR ACIMA DO PERMITIDO PARA O PROCEDIMENTO REALIZADO;2025-12-01;
3185;COBRANÇA DE ITEM ASSISTENCIAL DE USO OBRIGATÓRIO NO LOCAL DE ATENDIMENTO;2025-12-01;
3186;COBRANCA DE ITEM ASSISTENCIAL EM AMBIENTE INCOMPATÍVEL COM O USO DE EQUIPAMENTOS;2025-12-01;
3187;COBRANÇA DE ITEM ASSISTENCIAL EM BENEFICIÁRIO INTERNADO NA UTI/CTI;2025-12-01;
3188;COBRANÇA DE ITEM ASSISTENCIAL EM PERMANÊNCIA HOSPITALAR NÃO AUTORIZADA;2025-12-01;
3189;COBRANÇA DE ITEM ASSISTENCIAL EM QUANTIDADE INCOMPATÍVEL COM A PERMANÊNCIA HOSPITALAR;2025-12-01;
3190;COBRANÇA DE ITEM ASSISTENCIAL EM QUANTIDADE INCOMPATÍVEL COM O PROCEDIMENTO;2025-12-01;
3191;COBRANÇA DE ITEM ASSISTENCIAL EM QUANTIDADE INCORRETA;2025-12-01;
3192;COBRANÇA DE ITEM ASSISTENCIAL EM TIPO DE DESPESA INVÁLIDA;2025-12-01;
3193;COBRANÇA DE ITEM ASSISTENCIAL INCLUSO NO PROCEDIMENTO REALIZADO;2025-12-01;
3194;COBRANÇA DE ITEM ASSISTENCIAL INCOMPATÍVEL COM DIAGNÓSTICO E/OU EVOLUÇÃO CLÍNICA;2025-12-01;
3195;COBRANÇA DE ITEM ASSISTENCIAL INCOMPATÍVEL COM O PROCEDIMENTO REALIZADO/USO PREVISTO NO PROCEDIMENTO;2025-12-01;
3196;COBRANÇA DE ITEM ASSISTENCIAL INCOMPATÍVEL COM O UTILIZADO/PRESCRITO;2025-12-01;
3197;COBRANÇA DE ITEM ASSISTENCIAL NÃO UTILIZADO;2025-12-01;
3198;COBRANÇA DE ITEM ASSISTENCIAL PARA BENEFICIARIO COM PÓS-OPERATÓRIO IMEDIATO REALIZADO NA UTI/CTI;2025-12-01;
3199;COBRANÇA DE ITEM ASSISTENCIAL SEM A PRESENÇA DO ANESTESISTA;2025-12-01;
3200;COBRANÇA DE ITEM ASSISTENCIAL SEM O REGISTRO DE PERMANÊNCIA COMPATÍVEL;2025-12-01;
3201;COBRANÇA DE ITEM ASSISTENCIAL SEM REGISTRO NO BOLETIM ANESTÉSICO E DURAÇÃO DE USO;2025-12-01;
3202;COBRANÇA DE ITEM INCLUSO NO PROCEDIMENTO PRINCIPAL;2025-12-01;
3203;COBRANÇA DE MAIS DE UM ITEM ASSISTENCIAL, POR CONTA DO NÚMERO DE PROCEDIMENTOS REALIZADOS NO MESMO TEMPO CIRÚRGICO;2025-12-01;
3204;COBRANÇA DE PROCEDIMENTO EM QUANTIDADE INCOMPATÍVEL COM O PROCEDIMENTO/EVOLUÇÃO CLÍNICA;2025-12-01;
3205;COBRANÇA DE PROCEDIMENTO NÃO SOLICITADA PELO PROFISSIONAL SOLICITANTE;2025-12-01;
3206;COBRANÇA DE PROCEDIMENTO/ ITEM ASSISTENCIAL INCOMPATÍVEL COM RELATÓRIO TÉCNICO;2025-12-01;
3207;COBRANÇA DE PROCEDIMENTO/ITEM ASSISTENCIAL INCLUSO NAS TAXAS;2025-12-01;
3208;COBRANÇA DE PROCEDIMENTO/ITEM ASSISTENCIAL COM QUANTITATIVO DE USO EM DIVERGÊNCIA/PAGO VALOR CORRIGIDO;2025-12-01;
3209;COBRANÇA DE PROCEDIMENTO/ITEM ASSISTENCIAL EM DUPLICIDADE;2025-12-01;
3210;COBRANÇA DE PROCEDIMENTO/ITEM ASSISTENCIAL EM QUANTIDADE ACIMA DA MÁXIMA PERMITIDA/AUTORIZADA;2025-12-01;
3211;COBRANÇA DE PROCEDIMENTO/ITEM ASSISTENCIAL INCLUSO NO PACOTE NEGOCIADO;2025-12-01;
3212;COBRANÇA DE PROCEDIMENTO/ITEM ASSISTENCIAL INCOMPATÍVEL COM RELATÓRIO TÉCNICO;2025-12-01;
3213;COBRANÇA DE PROCEDIMENTO/ITEM ASSISTENCIAL SEM PRESCRIÇÃO MÉDICA;2025-12-01;
3214;COBRANÇA FORA DO PRAZO ESTIPULADO NO CONTRATO COM O PRESTADOR;2025-12-01;
3215;COBRANÇA INDEVIDA DE ITEM ASSISTENCIAL;2025-12-01;
3216;COBRANÇA INDEVIDA DE ITEM ASSISTENCIAL PARA ADMINISTRAÇÃO DE MEDICAMENTOS;2025-12-01;
3217;COBRANÇA/SOLICITAÇÃO DE PROCEDIMENTO/ITEM ASSISTENCIAL SEM JUSTIFICATIVA PARA REALIZAÇÃO OU COM JUSTIFICATIVA INSUFICIENTE;2025-12-01;
3218;CÓDIGO DO PROCEDIMENTO NO DOCUMENTO ENVIADO NÃO IDENTIFICADO PARA A AUTORIZAÇÃO/FATURAMENTO/GLOSA;2025-12-01;
3219;CÓDIGO DO PROCEDIMENTO/ITEM ASSISTENCIAL PREENCHIDO INCORRETAMENTE;2025-12-01;
3220;COMPROVANTE DE DESEMBOLSO AUSENTE;2025-12-01;
3221;COMPROVANTE DE DESEMBOLSO IRREGULAR;2025-12-01;
3222;DADOS DO PROFISSIONAL SOLICITANTE DIVERGENTES;2025-12-01;
3223;DATA DE ATENDIMENTO POSTERIOR À DATA DE ENVIO DO LOTE;2025-12-01;
3224;DATA DE INÍCIO DA INTERNAÇÃO ANTERIOR À DATA DE EMISSÃO DA GUIA;2025-12-01;
3225;DATA DE INÍCIO DA INTERNAÇÃO É POSTERIOR À DATA DE REALIZAÇÃO DO PROCEDIMENTO;2025-12-01;
3226;DATA DO ATENDIMENTO NÃO INFORMADA;2025-12-01;
3227;DATA PREENCHIDA NA GUIA DIVERGENTE DA DATA DE REALIZAÇÃO DO PROCEDIMENTO;2025-12-01;
3228;DATA PREENCHIDA NA GUIA DIVERGENTE DA DATA REGISTRADA NO EXAME;2025-12-01;
3229;DESCRIÇÃO DO PROCEDIMENTO/ITEM ASSISTENCIAL NÃO INFORMADA;2025-12-01;
3230;DOCUMENTAÇÃO INCOMPLETA, ILEGÍVEL, INCORRETA OU AUSENTE;2025-12-01;
3231;DOCUMENTAÇÃO RADIOGRÁFICA INCOMPLETA;2025-12-01;
3232;DUPLICIDADE DE CONTA DEVIDO A PERÍODO JÁ APRESENTADO EM OUTRA PARCIAL;2025-12-01;
3233;ESPECIALIDADE DO PRESTADOR VERIFICADA PELO CBO NÃO ESTÁ AUTORIZADA A EXECUTAR O PROCEDIMENTO;2025-12-01;
3234;EVENTO GLOSADO POR AUDITORIA;2025-12-01;
3235;EXAME COMPLEMENTAR NÃO ENVIADO;2025-12-01;
3236;EXAMES DEVEM SER SOLICITADOS EM RECEITUÁRIOS PRÓPRIO DO CD;2025-12-01;
3237;FAVOR VERIFICAR O CÓDIGO CORRETO PARA A DOCUMENTAÇÃO SOLICITADA E AS CONDIÇÕES DE REPASSE;2025-12-01;
3238;FORMULÁRIO DE REEMBOLSO AUSENTE;2025-12-01;
3239;FORMULÁRIO DE REEMBOLSO INCOMPLETO;2025-12-01;
3240;FORMULÁRIO DE REEMBOLSO IRREGULAR;2025-12-01;
3241;GRAU DE PARTICIPAÇÃO INFORMADO INCOMPATÍVEL COM O PROCEDIMENTO COBRADO;2025-12-01;
3242;GUIA NÃO PERTENCE AO PRESTADOR QUE ESTÁ REALIZANDO O ENVIO DO RECURSO DE GLOSA;2025-12-01;
3243;IDENTIFICAÇÃO DO BENEFICIÁRIO INCOMPLETA/INVÁLIDA;2025-12-01;
3244;IMAGEM NÃO SUGERE INDICAÇÃO PARA RESTAURAÇÃO DAS FACES SOLICITADAS;2025-12-01;
3245;IMAGEM RADIOGRÁFICA RECORTADA SEM POSSIBILIDADE DE IDENTIFICAÇÃO DO DENTE SOLICITADO;2025-12-01;
3246;IMAGEM SUGERE SULCO PIGMENTADO E/OU MANCHA BRANCA;2025-12-01;
3247;INFORMAR AS DATAS PARA O TRATAMENTO SERIADO POR DATA DE REALIZAÇÃO;2025-12-01;
3248;INTERNAÇÃO JÁ CONCLUÍDA, PRORROGAÇÃO NÃO PERMITIDA;2025-12-01;
3249;INTERNAÇÃO JÁ CONCLUÍDA, REALIZAÇÃO DO ATENDIMENTO NÃO PERMITIDA;2025-12-01;
3250;INTERNAÇÃO NÃO ABERTA, NÃO É PERMITIDO CONCLUÍ-LA;2025-12-01;
3251;ITEM ASSISTENCIAL EM DESACORDO COM OS CRITÉRIOS TÉCNICOS ADOTADOS PELA OPERADORA;2025-12-01;
3252;ITEM ASSISTENCIAL INCOMPATÍVEL E/OU SEM COBERTURA PARA O TIPO DE ATENDIMENTO;2025-12-01;
3253;ITEM ASSISTENCIAL INVÁLIDO;2025-12-01;
3254;ITEM ASSISTENCIAL PAGO A FORNECEDOR TERCEIRIZADO;2025-12-01;
3255;ITEM ASSISTENCIAL SEM NOTA FISCAL DO FORNECEDOR;2025-12-01;
3256;ITEM CONTRATADO EM OUTRO MODELO DE REMUNERAÇÃO;2025-12-01;
3257;ITEM NÃO JUSTIFICADO PARA O CENTRO DE CONSUMO INFORMADO;2025-12-01;
3258;LOCAL DE ATENDIMENTO INVÁLIDO;2025-12-01;
3259;LOTE NÃO PERTENCE AO PRESTADOR QUE ESTÁ REALIZANDO O ENVIO DO RECURSO DE GLOSA;2025-12-01;
3260;NÃO É PERMITIDO ACRÉSCIMO NO ITEM ASSISTENCIAL PARA O ITEM COBRADO;2025-12-01;
3261;NECESSÁRIO ENVIO DE FOTOGRAFIA SOBRE O TRATAMENTO SOLICITADO;2025-12-01;
3262;NECESSÁRIO ENVIO DE ETIQUETAS DO ENXERTO REALIZADO;2025-12-01;
3263;NECESSÁRIO ENVIO DE ETIQUETAS DO IMPLANTE INSTALADO;2025-12-01;
3264;NECESSÁRIO ENVIO DE NOVA RADIOGRAFIA FINAL;2025-12-01;
3265;NECESSITA RELATÓRIO DE AUDITORIA;2025-12-01;
3266;NOME DO BENEFICIÁRIO DIVERGENTE DA SOLICITAÇÃO DO PROCEDIMENTO;2025-12-01;
3267;NOME E CONSELHO DE REGISTRO DO PRESTADOR SÃO DIVERGENTES ENTRE SI;2025-12-01;
3268;NÚMERO DE LOTE JÁ INFORMADO ANTERIORMENTE;2025-12-01;
3269;NÚMERO DO CONSELHO/UF DO PROFISSIONAL INATIVO, NÃO INFORMADO OU INVÁLIDO;2025-12-01;
3270;NÚMERO DO LOTE INFORMADO NÃO LOCALIZADO;2025-12-01;
3271;O CÓDIGO AUTORIZADO ESTÁ INCOMPATÍVEL COM A PRESCRIÇÃO;2025-12-01;
3272;O CRM INFORMADO CONSTA INVÁLIDO OU INATIVO JUNTO AO CONSELHO REGIONAL DE MEDICINA DO SEU ESTADO;2025-12-01;
3273;O ESTABELECIMENTO DE SAÚDE OU PROFISSIONAL PARA O QUAL FOI SOLICITADA A INFORMAÇÃO SOBRE PARTOS NÃO POSSUÍA VÍNCULO COM A OPERADORA NO PERÍODO A QUE SE REFERE A INFORMAÇÃO;2025-12-01;
3274;PAGAMENTO DA EQUIPE CONFORME RELATÓRIO DO PROFISSIONAL SOLICITANTE;2025-12-01;
3275;PRAZO PRESCRITO PARA SOLICITAÇÃO DE REEMBOLSO;2025-12-01;
3276;PRESTADOR EXECUTANTE NÃO CONFERE COM O PRESTADOR SOLICITANTE DA SENHA AUTORIZADA;2025-12-01;
3277;PRESTADOR FORA DA ABRANGÊNCIA GEOGRÁFICA DO PLANO DO BENEFICIÁRIO;2025-12-01;
3278;PRESTADOR NÃO ESTAVA ATIVO NA DATA DE ATENDIMENTO/SOLICITAÇÃO;2025-12-01;
3279;PRESTADOR NÃO HABILITADO/CONTRATADO PARA REALIZAR O PROCEDIMENTO;2025-12-01;
3280;PROCEDIMENTO/ITEM ASSISTENCIAL INCOMPATÍVEL COM O LOCAL DE ATENDIMENTO;2025-12-01;
3281;PROCEDIMENTO COBRADO NÃO CORRESPONDE À PERÍCIA;2025-12-01;
3282;PROCEDIMENTO COBRADO NÃO CORRESPONDE AO EXECUTADO;2025-12-01;
3283;PROCEDIMENTO NÃO AUTORIZADO POR NÃO CONSTAR NO ROL DE PROCEDIMENTOS E EVENTOS EM SAÚDE DA ANS;2025-12-01;
3284;PROCEDIMENTO NÃO AUTORIZADO, POIS O DENTE ESTÁ AUSENTE;2025-12-01;
3285;PROCEDIMENTO NECESSITA DISCRIMINAÇÃO DE EQUIPE PROFISSIONAL NA GUIA;2025-12-01;
3286;PROCEDIMENTO SOLICITADO COM INCOERÊNCIA TÉCNICA EM RELAÇÃO A UM SERVIÇO JÁ AUTORIZADO PARA O MESMO PRESTADOR;2025-12-01;
3287;PROCEDIMENTO/ITEM ASSISTENCIAL NÃO POSSUI COBERTURA PELO PLANO DO BENEFICIÁRIO;2025-12-01;
3288;PROCEDIMENTO NÃO ATENDE A DIRETRIZ DE UTILIZAÇÃO (DUT) DO ROL DE PROCEDIMENTOS E EVENTOS EM SAÚDE DA ANS;2025-12-01;
3289;PROCEDIMENTO/ITEM ASSISTENCIAL SOLICITADO JÁ AUTORIZADO;2025-12-01;
3290;PROCEDIMENTOS DEVEM SER SOLICITADOS EM RECEITUÁRIO/GUIA EMITIDO PELO PRÓPRIO PRESTADOR SOLICITANTE;2025-12-01;
3291;PROTOCOLO NÃO LOCALIZADO;2025-12-01;
3292;QUANTIDADE SOLICITADA DE PROCEDIMENTO/ITEM ASSISTENCIAL ACIMA DA AUTORIZADA;2025-12-01;
3293;QUANTIDADE SOLICITADA DE PROCEDIMENTO/ITEM ASSISTENCIAL ACIMA DA COBERTA;2025-12-01;
3294;RADIOGRAFIA INDICA FALHA NA INSTALAÇÃO DO IMPLANTE;2025-12-01;
3295;RADIOGRAFIA INDICA FALHA NA OSSEOINTEGRAÇÃO DO IMPLANTE;2025-12-01;
3296;RADIOGRAFIA INDICA PRESENÇA DE INSTRUMENTO FRATURADO NO CONDUTO;2025-12-01;
3297;RADIOGRAFIA INDICA PRÓTESE INSTALADA EM DENTE COM ENDODONTIA INSATISFATÓRIA;2025-12-01;
3298;RADIOGRAFIA INDICA PRÓTESE INSTALADA EM DENTE COM NÚCLEO/PINO INSATISFATÓRIO;2025-12-01;
3299;RADIOGRAFIA INDICA PRÓTESE INSTALADA EM IMPLANTE INSATISFATÓRIO;2025-12-01;
3300;RADIOGRAFIA SUGERE INSTRUMENTO NO INTERIOR DO CONDUTO, COM POSSIBILIDADE DE DESFECHO FAVORÁVEL COM RETRATAMENTO;2025-12-01;
3301;RADIOGRAFIA SUGERE PERFURAÇÃO, COM POSSIBILIDADE DE DESFECHO FAVORÁVEL COM RETRATAMENTO;2025-12-01;
3302;RADIOGRAFIA SUGERE REMANESCENTE RADICULAR CURTO;2025-12-01;
3303;REALIZAÇÃO DE PROCEDIMENTO COM FINALIDADE ESTÉTICA;2025-12-01;
3304;REAVALIAR O PLANO DE TRATAMENTO OBSERVANDO CRITÉRIOS DE INDICAÇÃO, OPORTUNIDADE E/OU VIABILIDADE;2025-12-01;
3305;RECIBO FORA DO PADRÃO DETERMINADO PELA RECEITA FEDERAL;2025-12-01;
3306;SENHA OU GUIA DE AUTORIZAÇÃO INFORMADA INVÁLIDA;2025-12-01;
3307;SOLICITAÇÃO DE PROCEDIMENTO SEM INFORMAÇÃO DO LOCAL (REGIÃO/DENTE);2025-12-01;
3308;SOLICITAÇÃO/ATENDIMENTO ANTERIOR À INCLUSÃO DO BENEFICIÁRIO NO PLANO;2025-12-01;
3309;URGÊNCIA/EMERGÊNCIA NÃO APLICÁVEL;2025-12-01;
3310;VALOR DA NOTA FISCAL DIVERGENTE;2025-12-01;
3311;VALOR DO PROCEDIMENTO/ITEM ASSISTENCIAL INFORMADO INVÁLIDO;2025-12-01;
3312;VALOR LIBERADO CONFORME FRACIONAMENTO;2025-12-01;
